,Media Source,Date,Text,Compound,Positive,Neutral,Negative,Tweet Count
0,@BBC,Thu May 21 20:30:00 +0000 2020,".@JasonManford gives us his words of wisdom on mental health during lockdown, and the power of laughter ‚ù§Ô∏è https://t.co/Imno3mD6kx",0.765,0.268,0.732,0.0,1
1,@BBC,Thu May 21 19:02:17 +0000 2020,"For details of organisations which offer advice and support with mental health, go online to https://t.co/rWDj404Gvz",0.4019,0.153,0.847,0.0,2
2,@BBC,Thu May 21 19:01:00 +0000 2020,This scene where Marianne and Connell finally address their class difference and how it's affected their relationsh‚Ä¶ https://t.co/SwYPjla1Ji,-0.1531,0.0,0.914,0.086,3
3,@BBC,Thu May 21 18:01:00 +0000 2020,"Comedian @ItsTonySlattery meets experts to explore his psychological problems, finding out if he is definitely bipo‚Ä¶ https://t.co/7614I03Iol",0.3818,0.241,0.636,0.123,4
4,@BBC,Thu May 21 16:20:13 +0000 2020,"To mark International Diversity Day, the BBC Director-General Tony Hall and UN Deputy Secretary-General Amina J Moh‚Ä¶ https://t.co/qe9YYNQYSC",0.0,0.0,1.0,0.0,5
5,@BBC,Thu May 21 16:01:00 +0000 2020,"Another #ThisCountry deleted scene from @bbcthree: more of Mandy's stories.  üôåüìö
https://t.co/s7D6Sc4Jpt",0.0,0.0,1.0,0.0,6
6,@BBC,Thu May 21 15:41:52 +0000 2020,RT @HackerTDog: YOU ARE ALL INVITED TO PLAY MY QUIZ AT 7.30PM LIVE TONIGHT ON MY YOUTUBE CHANNEL! GO AND SUBSCRIBE TO ME https://t.co/kFDPk‚Ä¶,0.5307,0.13,0.87,0.0,7
7,@BBC,Thu May 21 14:07:13 +0000 2020,‚Å£More information about the range of programming about mental health across the BBC can be found here https://t.co/U3LM36WRcU,0.0,0.0,1.0,0.0,8
8,@BBC,Thu May 21 14:06:45 +0000 2020,"Social media can be helpful and informative during lockdown - but it can also be overwhelming.

@naomishimada
 has‚Ä¶ https://t.co/oCS7c3T4lp",0.2263,0.095,0.905,0.0,9
9,@BBC,Thu May 21 12:29:13 +0000 2020,"For details of organisations which offer advice and support with mental health, go online to https://t.co/rWDj404Gvz",0.4019,0.153,0.847,0.0,10
10,@BBC,Thu May 21 12:29:01 +0000 2020,Nadiya: Anxiety and Me is streaming now on @BBCiPlayer. https://t.co/cizeDDzBYx,-0.1779,0.0,0.841,0.159,11
11,@BBC,Thu May 21 12:01:00 +0000 2020,"Nadiya Hussain explains how severe anxiety affects her life.
 
@BegumNadiya #MentalHealth
https://t.co/BTZnT3dEQY",-0.5106,0.0,0.699,0.301,12
12,@BBC,Thu May 21 11:14:48 +0000 2020,RT @bbcpress: The BBC‚Äôs Director of Creative Diversity @JuneSarpong has committed to hardwire diversity and inclusion throughout the BBC -‚Ä¶,0.6124,0.217,0.783,0.0,13
13,@BBC,Thu May 21 10:42:34 +0000 2020,"RT @BBCSport: üí™ Want to get fit and need some structure to help you? üóì

üì≤ #Couchto5K is the app for you ‚û° https://t.co/z3IGRWqgYv https://t‚Ä¶",0.6705,0.188,0.812,0.0,14
14,@BBC,Thu May 21 10:41:59 +0000 2020,"RT @cbbc: It's #MentalHealthAwarenessWeek2020 and there is no better time to be kind to yourself and others ü•∞ #BeKind #BBCOwnIt 
@JoeTasker‚Ä¶",0.6116,0.208,0.714,0.078,15
15,@BBC,Thu May 21 09:08:20 +0000 2020,"RT @BBC6Music: As premiered by @ChrisHawkinsuk...

Composer and producer @ErlandCooper explains how he used 6 Music listeners' sounds of ch‚Ä¶",0.0,0.0,1.0,0.0,16
16,@BBC,Thu May 21 08:01:00 +0000 2020,Love this!  üòç 8-year-old @KatyPerry fan Charlotte gets the surprise of her life when her substitute teacher is... A‚Ä¶ https://t.co/a3iB06Ubts,0.8977,0.385,0.615,0.0,17
17,@BBC,Thu May 21 05:57:24 +0000 2020,"What‚Äôs your mental health tip?

üß† Mental health campaigner @matthaig1 joins @ChrisHawkinsUK this morning to kick of‚Ä¶ https://t.co/sxITXwI65a",0.0,0.0,1.0,0.0,18
18,@BBC,Wed May 20 18:53:15 +0000 2020,"For details of organisations which offer advice and support with mental health, go online to https://t.co/rWDj404Gvz",0.4019,0.153,0.847,0.0,19
19,@BBC,Wed May 20 18:01:00 +0000 2020,.@DavidHarewood revisits a psychotic episode which saw him restrained by six police officers and sedated by hospita‚Ä¶ https://t.co/BTx6ZDUy95,0.0,0.0,1.0,0.0,20
20,@BBC,Wed May 20 16:01:00 +0000 2020,"As our lives get more complicated, simple things become more precious. üíô 

@BelugaLagoon #MentalHealth
https://t.co/GePHVoevCo",0.6115,0.21,0.79,0.0,21
21,@BBC,Wed May 20 14:01:51 +0000 2020,More information about the range of programming about mental health across the BBC: https://t.co/9Z8jrQrIck,0.0,0.0,1.0,0.0,22
22,@BBC,Wed May 20 14:01:00 +0000 2020,"Whether you‚Äôve been together for 8 weeks or 8 years, every relationship's under pressure in lockdown.

Relationship‚Ä¶ https://t.co/s0Li4RyHQC",-0.296,0.0,0.885,0.115,23
23,@BBC,Wed May 20 13:07:13 +0000 2020,"RT @bbcthree: Roses are red, #ThisCountry is great
We liked this joke so much we made eight https://t.co/MAldf6mtRP",0.8555,0.385,0.615,0.0,24
24,@BBC,Wed May 20 12:01:00 +0000 2020,"These scientists are working hard to develop a safe vaccine for COVID-19.

Coronavirus: A #Horizon Special - Part 2‚Ä¶ https://t.co/KuHyZAO8lN",0.6369,0.233,0.708,0.058,25
25,@BBC,Wed May 20 10:15:46 +0000 2020,"RT @bbcpress: Want to watch and listen to your favourite BBC programmes with your friends and family? @BBCRD have created #BBCTogether, all‚Ä¶",0.6597,0.252,0.748,0.0,26
26,@BBC,Wed May 20 09:11:49 +0000 2020,"Congratulations to @captaintommoore, who will soon be #SirCaptainTom!

It's been announced that he is to be knighte‚Ä¶ https://t.co/6xdhv4jtUs",0.636,0.198,0.802,0.0,27
27,@BBC,Wed May 20 08:51:42 +0000 2020,"For details of organisations which offer advice and support with mental health, go online to https://t.co/rWDj404Gvz",0.4019,0.153,0.847,0.0,28
28,@BBC,Wed May 20 08:01:00 +0000 2020,"Why do some people get depressed?

The jam jar analogy is a helpful way of understanding why some people suffer fro‚Ä¶ https://t.co/75Q9czfKIA",-0.6124,0.098,0.664,0.238,29
29,@BBC,Wed May 20 07:43:00 +0000 2020,"Which record always soothes you?

@bbc6music asked some of their favourite acts this very question. Listen to Handp‚Ä¶ https://t.co/APmZCDe2Zh",0.0,0.0,1.0,0.0,30
30,@BBC,Tue May 19 19:01:00 +0000 2020,"In Part 2 of the #Horizon Coronavirus Specials, @DoctorChrisVT, @FryRsquared and Dr Michael Mosley examine the late‚Ä¶ https://t.co/wdBx30pEPb",0.0,0.0,1.0,0.0,31
31,@BBC,Tue May 19 17:01:00 +0000 2020,"This is what kids in 1986 thought the year 2020 would be like... accurate?  ü§î
https://t.co/bFIdDYdqxS",0.3612,0.135,0.865,0.0,32
32,@BBC,Tue May 19 16:23:53 +0000 2020,"RT @BBC6Music: Which record always soothes you?

We asked a few of our favourite acts this very question. Listen to Handpicked, The Morning‚Ä¶",0.0,0.0,1.0,0.0,33
33,@BBC,Tue May 19 16:02:38 +0000 2020,"For details of organisations which offer advice and support with mental health, go online to https://t.co/rWDj404Gvz",0.4019,0.153,0.847,0.0,34
34,@BBC,Tue May 19 16:01:00 +0000 2020,"""The reason we're here is that we've both come close to killing ourselves"". 

@ChrisGPackham met Joe Harkness to ta‚Ä¶ https://t.co/x9M7WHZORr",-0.6597,0.0,0.812,0.188,35
35,@BBC,Tue May 19 14:08:41 +0000 2020,".@MicahRichards talks about why speaking about your feelings is a strength, not a weakness. 

@OpenUniversity‚Ä¶ https://t.co/rdqd4H0tsL",0.6738,0.283,0.717,0.0,36
36,@BBC,Tue May 19 13:08:22 +0000 2020,RT @bbcpress: This Thursday join the BBC and @UN for the #CreativeDiversity Dialogue to mark #InternationalDiversityDay on @LinkedIn Live w‚Ä¶,0.296,0.104,0.896,0.0,37
37,@BBC,Tue May 19 11:16:29 +0000 2020,"RT @bbcpress: #TheNest is the biggest new BBC drama of the year so far, averaging 9m viewers. See what you're missing on @BBCiPlayer: https‚Ä¶",-0.296,0.0,0.913,0.087,38
38,@BBC,Tue May 19 11:01:00 +0000 2020,"No primates have gone extinct in the last 100 years... but that could change.

#Primates is streaming now on‚Ä¶ https://t.co/pHilRWb7Jn",-0.1531,0.0,0.922,0.078,39
39,@BBC,Tue May 19 08:28:41 +0000 2020,"RT @bbcbitesize: This week is #MentalHealthAwarenessWeek and the theme this year is #kindnessüë´üíõ

Now more than ever, being kind to our frie‚Ä¶",0.7506,0.192,0.808,0.0,40
40,@BBC,Tue May 19 08:27:35 +0000 2020,"RT @bbcbitesize: Morning team ‚õÖÔ∏è

üì∫ Today's subjects for #BBCBitesizeDaily from 9am on BBCiPlayer and Red Button üëâ https://t.co/zZOO8l1o53‚Ä¶",0.0,0.0,1.0,0.0,41
41,@BBC,Tue May 19 08:27:13 +0000 2020,"RT @BBCWomansHour: Kindness and #MentalHealthAwarenessWeek üéß ‚ñ∂ Lucy Thorpe, Head of Policy @mentalhealth on changing society for the better‚Ä¶",0.6597,0.231,0.769,0.0,42
42,@BBC,Tue May 19 08:01:00 +0000 2020,"""The person that I'm bringing in today lives with anxiety.""

How a teacher surprised his class by opening up about‚Ä¶ https://t.co/Sq8N63Sivx",0.0516,0.084,0.841,0.075,43
43,@BBC,Mon May 18 17:03:27 +0000 2020,"For details of organisations which offer advice and support with mental health, go online to https://t.co/rWDj404Gvz",0.4019,0.153,0.847,0.0,44
44,@BBC,Mon May 18 17:02:37 +0000 2020,"Mental health issues can affect any one of us.

For a range of programmes to help start your conversation go to‚Ä¶ https://t.co/KkuxY6eRoU",0.4019,0.114,0.886,0.0,45
45,@BBC,Mon May 18 14:01:00 +0000 2020,What is toxic productivity? @Dr_Julie_Smith is here to give you the lowdown on this lockdown phenomenon.‚Ä¶ https://t.co/OBIbe4btQf,-0.2023,0.0,0.899,0.101,46
46,@BBC,Mon May 18 13:27:29 +0000 2020,"Cereal bar massage technician = new dream job! ü•£

#InsideTheFactory

https://t.co/55Gp0EDlvW",0.3164,0.16,0.84,0.0,47
47,@BBC,Mon May 18 13:00:01 +0000 2020,"Ian Fletcher, BBC Head of Values (@hughbon), with support from the @BBCCO, gives a one-off address from his lockdow‚Ä¶ https://t.co/eRhyFpj6va",0.6597,0.231,0.769,0.0,48
48,@BBC,Mon May 18 12:01:00 +0000 2020,#MentalHealth conditions often have invisible symptoms. Can VR help people express what's going on inside their hea‚Ä¶ https://t.co/dGFA6mDOSL,0.4019,0.137,0.863,0.0,49
49,@BBC,Mon May 18 12:00:56 +0000 2020,@ITV @Channel4 @bbcthree @skytv @channel5_tv @davechannel @ComedyCentralUK @MTVUK @UKTV Sending virtual hugs ü§ó https://t.co/WaxCsGhWTq,0.7184,0.316,0.684,0.0,50
50,@BBC,Mon May 18 10:07:39 +0000 2020,"‚ÄúYou are not alone.‚Äù

Radio stations across the UK have joined together for the #MentalHealthMinute - featuring The‚Ä¶ https://t.co/QiYPiThw1n",0.0,0.0,1.0,0.0,51
51,@BBC,Mon May 18 08:01:00 +0000 2020,"‚ù§Ô∏è @mescal_paul: ""Say that you love them, listen and be joyous in their company."" 

If you're Obsessed with‚Ä¶ https://t.co/hhXUANbVbr",0.8225,0.307,0.63,0.063,52
52,@BBC,Mon May 18 07:58:28 +0000 2020,"RT @bbcbitesize: Tomorrow is the start of #MentalHealthAwarenessWeek 2020 and this year it's all about #Kindness üß°

Here is your 7 day chal‚Ä¶",0.4588,0.115,0.885,0.0,53
53,@BBC,Mon May 18 07:53:59 +0000 2020,"Want to get fit during lockdown? #CouchTo5K could be for you.

üèÉ‚Äç‚ôÄÔ∏èThe app will get you running 5K in nine weeks (e‚Ä¶ https://t.co/TH3etAf4fy",0.4215,0.137,0.863,0.0,54
54,@BBC,Mon May 18 07:01:10 +0000 2020,"RT @bbcarts: Thank you for coming to #WoWxBBC and for your enthusiasm. We hope you leave the virtual festival inquisitive, inspired and gal‚Ä¶",0.9349,0.488,0.476,0.036,55
55,@BBC,Sun May 17 18:59:07 +0000 2020,If you want to keep the #Eurovision fun going - you need to watch The A-Z of Eurovision with @rylan on @bbciplayer!‚Ä¶ https://t.co/Jk5u0826M5,0.5983,0.189,0.811,0.0,56
56,@BBC,Sun May 17 13:01:00 +0000 2020,"Every #Eurovision winner of the past 25 years! Which is your favourite..? ü§î‚ú®

#Eurovision2020 

https://t.co/u2eeQL8UCx",0.75,0.299,0.701,0.0,57
57,@BBC,Sun May 17 13:01:00 +0000 2020,"""The chain will always be more popular than I am."" üòÇ

@bbcthree's #NormalPeople star @mescal_paul tells @BBCR1 abou‚Ä¶ https://t.co/RYBiXdpfX2",0.7178,0.239,0.695,0.066,58
58,@BBC,Sun May 17 10:01:00 +0000 2020,"There's lots more deleted #ThisCountry scene on their way from @bbcthree... 

Here's one: Kurtan shows Kerry and th‚Ä¶ https://t.co/Bw8swPdAIr",0.0,0.0,1.0,0.0,59
59,@BBC,Sat May 16 18:01:00 +0000 2020,#Eurovision: Europe Shine a Light celebrates all 41 songs that would have competed in the #Eurovision2020 contest.‚Ä¶ https://t.co/7MwKNGco95,0.5719,0.179,0.821,0.0,60
60,@BBC,Sat May 16 16:01:00 +0000 2020,#Eurovision2020 may not be going ahead as planned tonight - but @grahnort will give viewers the chance to vote for‚Ä¶ https://t.co/sHsYMyLJ2h,0.3612,0.111,0.889,0.0,61
61,@BBC,Sat May 16 14:00:01 +0000 2020,Join HRH The Duke of Cambridge as he aims to break the stigma around men's mental health.‚Ä¶ https://t.co/HrlPnCxv1b,0.296,0.115,0.885,0.0,62
62,@BBC,Sat May 16 11:01:00 +0000 2020,"What‚Äôs the point of noses? üëÉ
https://t.co/OpTlYow0AA",0.0,0.0,1.0,0.0,63
63,@BBC,Sat May 16 10:01:00 +0000 2020,"How well do you know your 90s #Eurovision trivia? Take the quiz from @bbcradio2!  üï∫üé∂

üëâ https://t.co/ennQoFUY6z https://t.co/1snG9TaY0a",0.3382,0.094,0.906,0.0,64
64,@BBC,Sat May 16 07:39:10 +0000 2020,RT @bbcarts: Enjoy a Saturday morning stretch and ease into the #WOWxBBC Festival with basketball player and spoken word poet @AsmaElbadawi‚Ä¶,0.836,0.331,0.669,0.0,65
65,@BBC,Sat May 16 07:39:07 +0000 2020,"RT @bbceurovision: REST OF WORLD: SATURDAY

EUROPE AND AUSTRALIA: https://t.co/Tgz3Dku91B",0.0,0.0,1.0,0.0,66
66,@BBC,Sat May 16 07:26:19 +0000 2020,"It's the #WOWxBBC Festival this weekend. And the line-up is incredible. 

Today @JuliaGillard on leadership,‚Ä¶ https://t.co/3PbWr0qnBF",0.4939,0.176,0.824,0.0,67
67,@BBC,Fri May 15 19:01:00 +0000 2020,"It's another all-star lineup on @grahnort's sofa tonight!

‚ú®Will Ferrell
‚ú®@mermhart
‚ú®@MarkRuffalo
‚ú®@mescal_paul
‚ú®‚Ä¶ https://t.co/4oCgTIUbHd",0.0,0.0,1.0,0.0,68
68,@BBC,Fri May 15 18:01:00 +0000 2020,"Brand new #LaterJools starts tonight!  üôå

Jools chats to @QueensChristine from her base in Paris, and singer-songwr‚Ä¶ https://t.co/HYGCzBJheJ",0.0,0.0,1.0,0.0,69
69,@BBC,Fri May 15 17:26:23 +0000 2020,"RT @BBCLater: ""If I'm brutally honest with you, this is my favourite performance ever done on TV by any artist...""

High praise from @Queen‚Ä¶",0.4404,0.216,0.658,0.125,70
70,@BBC,Fri May 15 17:24:43 +0000 2020,#HealthCheckUKLive is streaming now on @bbciplayer.    https://t.co/f7VedVNpQK,0.0,0.0,1.0,0.0,71
71,@BBC,Fri May 15 17:24:03 +0000 2020,"With gyms closed, and heavy items like dumbbells difficult to get delivered - @russell_kane has a great tip for kee‚Ä¶ https://t.co/0xy6teCxa4",0.5994,0.242,0.623,0.136,72
72,@BBC,Fri May 15 14:56:41 +0000 2020,RT @BBCTheOneShow: .@normalpeoplebbc's @daisyedgarjones and @mescal_paul will be on the show on Monday and we want to ask them your Normal‚Ä¶,0.0772,0.061,0.939,0.0,73
73,@BBC,Fri May 15 14:07:12 +0000 2020,"RT @HackerTDog: Do you miss Iain and Hacker? Well, we were reunited for one night only cockers. See the whole shambolic film here:
https://‚Ä¶",0.128,0.082,0.856,0.062,74
74,@BBC,Fri May 15 11:01:00 +0000 2020,"It may seem simple, but there are important things to remember about safely putting on and taking off a face coveri‚Ä¶ https://t.co/F4oYPNBA15",0.7579,0.245,0.755,0.0,75
75,@BBC,Fri May 15 08:01:00 +0000 2020,"Serena and Richard are St John Ambulance volunteers, helping manage the crisis.‚Ä¶ https://t.co/7blhshCOoI",0.296,0.155,0.845,0.0,76
76,@BBC,Thu May 14 20:04:26 +0000 2020,"For everyone whose life has changed. For everyone who misses a loved one.

You got the love. You got this.‚Ä¶ https://t.co/t8zgf8PCFX",0.802,0.289,0.643,0.068,77
77,@BBC,Thu May 14 19:01:00 +0000 2020,"The brand new one-off special Wipe from @charltonbrooker is nearly here...

Charlie Brooker's #AntiviralWipe | 9pm‚Ä¶ https://t.co/vCbTKrC3sf",0.4019,0.144,0.856,0.0,78
78,@BBC,Thu May 14 16:01:00 +0000 2020,It took a group of volunteers 45 minutes to rescue a wild horse stuck in a deep mud hole in the foothills of Albert‚Ä¶ https://t.co/m3dv9Ah7ez,0.3182,0.117,0.813,0.071,79
79,@BBC,Thu May 14 15:00:23 +0000 2020,"RT @BBCNewsbeat: The #Eurovision acts have recorded this message to fans who would normally be watching this week.
 
It's part of our new d‚Ä¶",0.0,0.0,1.0,0.0,80
80,@BBC,Thu May 14 13:01:00 +0000 2020,"The face of someone about to VERY seriously judge a dessert... üßêü§î

@BBCR1 presenter and children's author‚Ä¶ https://t.co/jTdnnf8LLn",-0.4071,0.0,0.885,0.115,81
81,@BBC,Thu May 14 11:01:00 +0000 2020,Two of the nation‚Äôs favourite film critics @KermodeMovie and @simonmayo are turning their critical attention from c‚Ä¶ https://t.co/OZvCrUJo0w,-0.5423,0.0,0.78,0.22,82
82,@BBC,Thu May 14 08:01:00 +0000 2020,Thank you from @bbcarts and @OwainWynEvans to EVERYONE who uploaded #YouGotTheLove videos and artwork to the‚Ä¶ https://t.co/WNc4PWI2Ew,0.3612,0.135,0.865,0.0,83
83,@BBC,Wed May 13 19:14:42 +0000 2020,"Victorian thriller #ViennaBlood follows a junior doctor who is researching the criminal mind... üò±

9pm | @BBCTwo &amp;‚Ä¶ https://t.co/M9cMrBb3fJ",-0.8316,0.049,0.629,0.322,84
84,@BBC,Wed May 13 17:26:16 +0000 2020,#Hospital: Coronavirus Specials are streaming now on @BBCiPlayer. https://t.co/4XgEd1XJbX,0.0,0.0,1.0,0.0,85
85,@BBC,Wed May 13 17:25:24 +0000 2020,"'It can happen to anyone.'

#Hospital https://t.co/eu787uvl9E",0.0,0.0,1.0,0.0,86
86,@BBC,Wed May 13 13:29:29 +0000 2020,HealthCheckUK Live | Weekdays | 10am | @bbcone &amp; @bbciplayer.  https://t.co/N23q55jbD9,0.0,0.0,1.0,0.0,87
87,@BBC,Wed May 13 13:28:04 +0000 2020,"As the government in England introduces new advice on wearing masks in public, @xandvt and @MichAckerley answer som‚Ä¶ https://t.co/agR4fjaN7T",0.0,0.0,1.0,0.0,88
88,@BBC,Wed May 13 12:56:48 +0000 2020,"RT @BBC6Music: Happy birthday to ya!

Celebrate #StevieWonder‚Äôs 70th today by having a bop to this brilliant mix by DJ @samredmore, compile‚Ä¶",0.9215,0.391,0.609,0.0,89
89,@BBC,Wed May 13 12:53:50 +0000 2020,RT @bbcpress: Viewers are flocking to @BBCiPlayer in record numbers during lockdown. Here are some of the iPlayer moments getting us throug‚Ä¶,0.0,0.0,1.0,0.0,90
90,@BBC,Wed May 13 11:01:00 +0000 2020,"As the nation was celebrating #VEDay, the Duke of Sussex took part in a special film to commemorate the bravery of‚Ä¶ https://t.co/1jpdxKzWYe",0.8625,0.336,0.664,0.0,91
91,@BBC,Wed May 13 10:08:29 +0000 2020,RT @bbcpress: Mwaka Mudenda joins Blue Peter as its 39th presenter today - taking on her first presenter challenge from her home &gt;&gt; https:/‚Ä¶,0.0772,0.053,0.947,0.0,92
92,@BBC,Wed May 13 09:05:51 +0000 2020,"Lockdown update: All you need to know about the new measures.

üëâ https://t.co/uor4HblRrW https://t.co/ev1Dvve6NW",0.0,0.0,1.0,0.0,93
93,@BBC,Wed May 13 08:01:00 +0000 2020,"What is 'sharenting' (and are you doing it)?

Made in partnership with @OpenUniversity.
https://t.co/4pR37Wznoe",0.0,0.0,1.0,0.0,94
94,@BBC,Tue May 12 19:01:00 +0000 2020,"One of the most heartbreaking scenes in #NormalPeople.  üò≠üíî

All episodes streaming now on @bbciplayer.

Via‚Ä¶ https://t.co/GWwqTRzL90",-0.8588,0.0,0.655,0.345,95
95,@BBC,Tue May 12 18:01:00 +0000 2020,"Tonight's #Hospital: Coronavirus Special continues to follow staff and patients at @RoyalFreeNHS.

As the pandemic‚Ä¶ https://t.co/gjzAIqGEzZ",0.4019,0.153,0.847,0.0,96
96,@BBC,Tue May 12 16:01:00 +0000 2020,"The @BBCR1 #BigWeekend UK 2020 line-up just got a whole lot bigger! üòç

Take a look at the new additions who will be‚Ä¶ https://t.co/UNf3wpDpG9",0.5093,0.112,0.888,0.0,97
97,@BBC,Tue May 12 14:17:56 +0000 2020,"Hospital: Coronavirus Special continues tonight, 9pm,¬†@BBCTwo¬†&amp;¬†@BBCiPlayer. https://t.co/KLWkG1OEMb",0.4019,0.231,0.769,0.0,98
98,@BBC,Tue May 12 14:17:13 +0000 2020,"The incredible moment that community nurse Nancy thanked her @RoyalFreeNHS colleagues, who helped her recover from‚Ä¶ https://t.co/hBd6X58hRe",0.4404,0.153,0.847,0.0,99
99,@BBC,Tue May 12 12:01:00 +0000 2020,"11-year-old Gui Kury has become the first person to complete a 1080 turn on a vertical ramp... ü§Ø

https://t.co/3A2mvgU5iK",0.0,0.0,1.0,0.0,100
100,@CBS,Thu May 21 19:09:57 +0000 2020,RT @joshgroban: I‚Äôll be on @CBSSunday this Sunday morning and doing a Facebook Live chat right after. I love this show and I‚Äôm so happy to‚Ä¶,0.8733,0.271,0.729,0.0,1
101,@CBS,Thu May 21 19:01:53 +0000 2020,"RT @letsmakeadeal: Wow, congrats @WayneBrady! üòç https://t.co/23XI16Wjyv",0.8883,0.6,0.4,0.0,2
102,@CBS,Thu May 21 19:01:16 +0000 2020,RT @BandB_CBS: Congratulations are in order for the #BoldandBeautiful nominees! üí´ Let's give these stars some love for their #DaytimeEmmy n‚Ä¶,0.8172,0.297,0.636,0.067,3
103,@CBS,Thu May 21 19:01:07 +0000 2020,RT @PriceIsRight: Thank you for the nomination! ü§óüôè https://t.co/7wzVmph9NC,0.68,0.359,0.641,0.0,4
104,@CBS,Thu May 21 18:59:16 +0000 2020,RT @YandR_CBS: Please join us in congratulating these outstanding #YR #DaytimeEmmy nominees! üèÜ Don't miss their big night June 26th only on‚Ä¶,0.8495,0.363,0.637,0.0,5
105,@CBS,Thu May 21 18:58:56 +0000 2020,"RT @TheTalkCBS: Join us in congratulating THE TALK hosts and hard-working crew of @thetalkcbs on 6 @DaytimeEmmys nominations, including OUT‚Ä¶",0.296,0.104,0.896,0.0,6
106,@CBS,Thu May 21 18:56:56 +0000 2020,CBS leads the #DaytimeEmmyAward nominations with 70. Don‚Äôt miss the 47th ANNUAL DAYTIME EMMY¬Æ AWARDS when it return‚Ä¶ https://t.co/Vn1r7YbPHN,0.4824,0.16,0.771,0.069,7
107,@CBS,Thu May 21 18:02:17 +0000 2020,"@MrJerryOC @CBSAllAccess @RebeccaRomijn @PKSubban1 @lindseyvonn @KellyOsbourne We believe in you, Jerry. Also we re‚Ä¶ https://t.co/9rWEtYLe39",0.0,0.0,1.0,0.0,8
108,@CBS,Thu May 21 17:56:58 +0000 2020,RT @MrJerryOC: HAIRCUT NIGHT IN AMERICA 10/29 @CBS @CBSAllAccess Really hope I don't burn @RebeccaRomijn hair off. @PKSubban1 @lindseyvonn‚Ä¶,0.4927,0.151,0.849,0.0,9
109,@CBS,Thu May 21 17:06:50 +0000 2020,".@MrJerryOC &amp; @RebeccaRomijn host HAIRCUT NIGHT IN AMERICA, featuring America‚Äôs top hair stylists in an at-home DIY‚Ä¶ https://t.co/QqLsEFwaZh",0.2023,0.096,0.904,0.0,10
110,@CBS,Thu May 21 00:03:38 +0000 2020,‚úã https://t.co/SAa4W8JuVS,0.4939,0.615,0.385,0.0,11
111,@CBS,Wed May 20 23:55:32 +0000 2020,RT @NorahODonnell: A note about broadcasting in the era of COVID-19 https://t.co/oiYGv40JfS,0.0,0.0,1.0,0.0,12
112,@CBS,Wed May 20 23:28:57 +0000 2020,"We have a TV manifest posted for your weekend viewing pleasure. Join us for Titanic on #CBSMovieNight, which sets s‚Ä¶ https://t.co/DYyqXFhgg5",0.7096,0.237,0.763,0.0,13
113,@CBS,Wed May 20 21:54:45 +0000 2020,"RT @CBSAllAccess: The Stand is coming. Get your first look at @WhoopiGoldberg as Mother Abigail, Alexander Skarsg√•rd as Randall Flagg, and‚Ä¶",0.0,0.0,1.0,0.0,14
114,@CBS,Wed May 20 21:18:09 +0000 2020,RT @swatcbs: It's all good. Stream #SWAT tonight at 10/9c on @CBS and @CBSAllAccess: https://t.co/ANyt4qWHHf https://t.co/kVC92p7CjT,0.4404,0.162,0.838,0.0,15
115,@CBS,Wed May 20 20:38:30 +0000 2020,RT @BandB_CBS: The next two years just got even more #BoldandBeautiful! üíô B&amp;B has officially been renewed for two more seasons. Learn more‚Ä¶,0.0,0.0,1.0,0.0,16
116,@CBS,Wed May 20 20:22:21 +0000 2020,Watching Titanic on #CBSMovieNight with your own Jack or Rose from afar this weekend? Feel like KING OF THE WORLD w‚Ä¶ https://t.co/lodYy2MQUs,0.3612,0.106,0.894,0.0,17
117,@CBS,Wed May 20 18:55:21 +0000 2020,"RT @THR: After streaming online the past four years, the Daytime Emmys will air on CBS this June https://t.co/fyPW7WutcC",0.0,0.0,1.0,0.0,18
118,@CBS,Wed May 20 18:54:34 +0000 2020,"RT @Variety: CBS to Air Daytime Emmys, Which Returns to TV for the First Time in Five¬†Years https://t.co/OyMqqvHCG5",0.0,0.0,1.0,0.0,19
119,@CBS,Wed May 20 18:53:17 +0000 2020,RT @TVLine: 2020 #DaytimeEmmys to Air on CBS in June; Winners and Guests Will Appear Remotely https://t.co/WViG7EI7t7,0.4767,0.162,0.838,0.0,20
120,@CBS,Wed May 20 18:53:08 +0000 2020,RT @DEADLINE: Daytime Emmys To Air Live Virtual Ceremony On CBS In June; Nominations Coming Thursday https://t.co/Wz1GdJhdhI https://t.co/r‚Ä¶,0.0,0.0,1.0,0.0,21
121,@CBS,Wed May 20 18:52:42 +0000 2020,RT @EW: CBS is bringing back the Daytime Emmys to broadcast TV https://t.co/r30Ziw6Tvn,0.0,0.0,1.0,0.0,22
122,@CBS,Wed May 20 18:30:35 +0000 2020,"Big announcement on @TheTalkCBS today: The 47th ANNUAL DAYTIME EMMY¬Æ AWARDS will return to CBS Friday, June 26 at 8‚Ä¶ https://t.co/gPmy1Gi0Rb",0.5766,0.151,0.849,0.0,23
123,@CBS,Wed May 20 17:03:13 +0000 2020,Celebrate #AsianPacificAmericanHeritageMonth with @NCISLA's @DanielaRuah and CBS. https://t.co/Wu5JFKLcWN,0.5719,0.346,0.654,0.0,24
124,@CBS,Wed May 20 13:35:21 +0000 2020,"RT @CBSThisMorning: One year ago today, @GayleKing, @AnthonyMasonCBS and @TonyDokoupil started anchoring together on @CBSThisMorning!  

@V‚Ä¶",0.0,0.0,1.0,0.0,25
125,@CBS,Wed May 20 13:32:38 +0000 2020,RT @TheUnicornCBS: Anybody catch @Jeopardy tonight? üëÄ https://t.co/SsiHX1n2J0,-0.4767,0.0,0.693,0.307,26
126,@CBS,Tue May 19 23:32:03 +0000 2020,Let us help you make plans for later this year with the  2020-2021 CBS Primetime Schedule. https://t.co/hvQ3WEaevR https://t.co/4LqNExzIiX,0.4019,0.137,0.863,0.0,27
127,@CBS,Tue May 19 23:21:22 +0000 2020,RT @IAMQUEENLATIFAH: I am so excited to be joining the @cbs family as The Equalizer! Coming to your screens Sundays at 8pm this Fall! #TheE‚Ä¶,0.5719,0.134,0.866,0.0,28
128,@CBS,Tue May 19 22:25:51 +0000 2020,"RT @gameon: Elite athletes. Epic challenges. #GameOn premieres Wednesday, May 27 at 8/7c on CBS! https://t.co/j9K1BntSe3",0.1511,0.096,0.904,0.0,29
129,@CBS,Tue May 19 21:24:45 +0000 2020,RT @CBSAllAccess: A fresh show has just hit CBS All Access. Every episode of the military drama 68 Whiskey is ready to binge! #68WhiskeyTV‚Ä¶,0.6239,0.188,0.812,0.0,30
130,@CBS,Tue May 19 21:22:58 +0000 2020,RT @hicusick: Back in the fall!!! @macgyvercbs https://t.co/1iKgk8qQgm,0.0,0.0,1.0,0.0,31
131,@CBS,Tue May 19 21:22:50 +0000 2020,RT @TVGuide: Here's @CBS's Fall 2020 tv schedule https://t.co/YReZdRvytW https://t.co/N6dvcNdlkc,0.0,0.0,1.0,0.0,32
132,@CBS,Tue May 19 21:22:34 +0000 2020,RT @Cudlitz: #Clarice is coming to @cbs. Could not be more proud of this talented group. @Alex_Kurtzman #jennylemut @BecEBreeds @kalpenn #n‚Ä¶,0.1354,0.132,0.758,0.111,33
133,@CBS,Tue May 19 19:25:24 +0000 2020,"Acclaimed Executive Producers @Alex_Kurtzman and Jenny Lumet talk about their new drama #Clarice, coming soon to CB‚Ä¶ https://t.co/BMEBRizKOg",0.0,0.0,1.0,0.0,34
134,@CBS,Tue May 19 19:24:12 +0000 2020,"Before #TheEqualizer joins the New 2020-2021 CBS Primetime Schedule, Executive Producer and Star @QueenLatifah and‚Ä¶ https://t.co/2zZH1GMzJY",0.0,0.0,1.0,0.0,35
135,@CBS,Tue May 19 19:20:33 +0000 2020,"From Executive Producers Chuck Lorre and Marco Pennette comes #BPositive, a new CBS comedy about getting a life. https://t.co/6hzgboonZT",0.3612,0.122,0.878,0.0,36
136,@CBS,Tue May 19 19:19:00 +0000 2020,We're so excited to share the New 2020-2021 CBS Primetime Schedule with you. For more information about the new lin‚Ä¶ https://t.co/6QD5FgFHrg,0.6318,0.213,0.787,0.0,37
137,@CBS,Tue May 19 18:04:08 +0000 2020,RT @thegoodfight: Psst... Hey! Have a friend who still hasn't seen #TheGoodFight? Now's the time to change that with a one month free trial‚Ä¶,0.7777,0.236,0.764,0.0,38
138,@CBS,Mon May 18 23:55:17 +0000 2020,RT @TheTalkCBS: The hosts play a quarantine ‚ÄúQuickie Deals‚Äù version of @letsmakeadeal with @WayneBrady and Jonathan Mangum (@Mangum1) and d‚Ä¶,0.34,0.112,0.888,0.0,39
139,@CBS,Mon May 18 23:26:20 +0000 2020,"Near, far, wherever you are, #CBSMovieNight has Titanic this week. We set sail this Sunday at 7pm/6c on CBS and‚Ä¶ https://t.co/dREVRylekC",0.0,0.0,1.0,0.0,40
140,@CBS,Mon May 18 21:31:17 +0000 2020,"RT @broke: On this week's new #JaimesHappyHour, #Broke's @JaimeCamil welcomes the hilarious @IanKarmel from the new CBS show @GameOn and Th‚Ä¶",0.3818,0.206,0.687,0.107,41
141,@CBS,Mon May 18 20:24:16 +0000 2020,"As we continue to experience these strange times, remember to stay connected. #AloneTogether https://t.co/49hz15cO3k",-0.2023,0.0,0.878,0.122,42
142,@CBS,Mon May 18 02:30:07 +0000 2020,"Thanks for watching #MissionImpossible with us. Tune in Sunday, May 24 at 7/6c for next week's #CBSMovieNight, Tita‚Ä¶ https://t.co/osqY9RXH1s",0.4404,0.139,0.861,0.0,43
143,@CBS,Mon May 18 02:29:48 +0000 2020,"Same, after watching all that action. #CBSMovieNight https://t.co/tR8HSjj8hj",0.0,0.0,1.0,0.0,44
144,@CBS,Mon May 18 02:25:21 +0000 2020,It's the conductor's last day before retirement. He doesn't have time for this. #CBSMovieNight https://t.co/Wtp9kNz3pN,0.0,0.0,1.0,0.0,45
145,@CBS,Mon May 18 02:24:23 +0000 2020,We love an old-timey chunnel pursuit sequence. What's your favorite stunt from the #MissionImpossible movies?‚Ä¶ https://t.co/xWVTWHQWFT,0.802,0.34,0.66,0.0,46
146,@CBS,Mon May 18 02:22:40 +0000 2020,"How we remember our commute

#CBSMovieNight https://t.co/68aYfEZWKx",0.0,0.0,1.0,0.0,47
147,@CBS,Mon May 18 02:07:30 +0000 2020,@JohnGumm @Bob_Herzog @Local12 @dopplertim @TomCruise There's still time. https://t.co/5CBa38hzbR,0.0,0.0,1.0,0.0,48
148,@CBS,Mon May 18 02:05:47 +0000 2020,"@TeamRickandIlsa Especially the tall, bearded Russian guy in the beginning of the movie! üòâ #CBSMovieNight",0.0,0.0,1.0,0.0,49
149,@CBS,Mon May 18 02:04:50 +0000 2020,@ReparSandra We're in for the long haul! Just wait until Titanic next week.  üòä #CBSMovieNight https://t.co/CGB12ljHsk,0.7424,0.259,0.741,0.0,50
150,@CBS,Mon May 18 02:00:00 +0000 2020,"Inspired by another classic, THAT scene is even more iconic than you may have thought. #CBSMovieNight https://t.co/omQnD2D4Is",0.4939,0.167,0.833,0.0,51
151,@CBS,Mon May 18 01:59:24 +0000 2020,@CathyWanza We remember (but we're like 90). üòâ https://t.co/RwBgd4LnPe,0.5023,0.265,0.735,0.0,52
152,@CBS,Mon May 18 01:50:11 +0000 2020,@MrPEC_Tacular https://t.co/F0WOmcacKQ,0.0,0.0,1.0,0.0,53
153,@CBS,Mon May 18 01:38:38 +0000 2020,"When you discover you're out of hand sanitizer 

#CBSMovieNight https://t.co/FUX8jo5HCJ",0.4939,0.262,0.738,0.0,54
154,@CBS,Mon May 18 01:37:18 +0000 2020,"Does anyone have this level of core strength at this point of the quarantine? OK, probably @TomCruise.‚Ä¶ https://t.co/SPsnWXT2Mw",0.4939,0.158,0.842,0.0,55
155,@CBS,Mon May 18 01:35:41 +0000 2020,"To be honest, didn't we all have this look of anxiety when working on computers in 1996? #CBSMovieNight https://t.co/yIPO3tL22I",0.3818,0.15,0.773,0.077,56
156,@CBS,Mon May 18 01:35:13 +0000 2020,It's weird to think that this is how we used to read email. #CBSMovieNight https://t.co/nz4CzzhGAu,-0.1779,0.0,0.892,0.108,57
157,@CBS,Mon May 18 01:22:49 +0000 2020,"Ethan's really cruising.

Oh, we see what we did there. #CBSMovieNight https://t.co/i89gn4sJud",0.0,0.0,1.0,0.0,58
158,@CBS,Mon May 18 01:21:19 +0000 2020,Pssh. Of course the answer is that Tom Cruise does his own stunts. üôÉ https://t.co/TfqO1dYXiX,0.0,0.0,1.0,0.0,59
159,@CBS,Mon May 18 01:02:10 +0000 2020,What we say when we encounter two doctors. (We'll see ourselves out.) #CBSMovieNight https://t.co/3w4ybsfFHh,0.0,0.0,1.0,0.0,60
160,@CBS,Mon May 18 01:00:18 +0000 2020,Who was Tom Cruise‚Äôs Stunt Double in #MissionImpossible? #CBSMovieNight,0.0,0.0,1.0,0.0,61
161,@CBS,Mon May 18 00:49:56 +0000 2020,"Remember when we had to type ""INTERNET ACCESS"" to log on to the internet? Neither do we. #CBSMovieNight https://t.co/qv9Z4bbKsw",0.0,0.0,1.0,0.0,62
162,@CBS,Mon May 18 00:47:35 +0000 2020,#TFW when you forget why you walked in this room. #CBSMovieNight https://t.co/kAEBGTWgQj,-0.2263,0.0,0.853,0.147,63
163,@CBS,Mon May 18 00:38:31 +0000 2020,"In the end, the aquarium restaurant tanked.

See @TomCruise talk to @etnow back in 1996 about the making of the res‚Ä¶ https://t.co/sC1Jch3raa",0.0,0.0,1.0,0.0,64
164,@CBS,Mon May 18 00:36:56 +0000 2020,"Logging into your tenth Zoom meeting of the day

#CBSMovieNight https://t.co/c7MJHMQiSX",0.0,0.0,1.0,0.0,65
165,@CBS,Mon May 18 00:35:35 +0000 2020,The correct answer was Job 314. https://t.co/ww4IP4Uc8L,0.0,0.0,1.0,0.0,66
166,@CBS,Mon May 18 00:30:11 +0000 2020,We bet today's spies dress more business casual. #CBSMovieNight https://t.co/H058l9jEsU,0.2682,0.188,0.812,0.0,67
167,@CBS,Mon May 18 00:30:00 +0000 2020,An all-time action film with a more stealthy take on the star of the show. #CBSMovieNight https://t.co/usLr0kv5t6,-0.101,0.0,0.92,0.08,68
168,@CBS,Mon May 18 00:24:17 +0000 2020,"@frid_barnabas Yeah, it is. üòä https://t.co/r9oxrfjTo6",0.802,0.539,0.461,0.0,69
169,@CBS,Mon May 18 00:23:16 +0000 2020,"RT @CBSAllAccess: Your mission, should you choose to accept it: join us to watch #MissionImpossible on @CBS and #CBSAllAccess LIVE! #CBSMov‚Ä¶",0.6239,0.211,0.789,0.0,70
170,@CBS,Mon May 18 00:15:28 +0000 2020,Ethan Hunt figures out the connection between a Bible verse and a hidden identity. What was the code name? #CBSMovieNight,0.0,0.0,1.0,0.0,71
171,@CBS,Mon May 18 00:13:45 +0000 2020,"Trying to determine which show you're going to binge next like

#CBSMovieNight https://t.co/ntVcicJdpz",0.3612,0.172,0.828,0.0,72
172,@CBS,Mon May 18 00:11:55 +0000 2020,"Stop trying to make ""Hasta lasagna, don't get any on ya"" happen, Jack. #CBSMovieNight https://t.co/3keX7hBadd",-0.296,0.0,0.864,0.136,73
173,@CBS,Mon May 18 00:09:26 +0000 2020,Mission: Adorable. And Deadly #CBSMovieNight https://t.co/i2cFUROtjD,0.4939,0.39,0.61,0.0,74
174,@CBS,Mon May 18 00:08:50 +0000 2020,"""We need to talk"" is a look. #CBSMovieNight https://t.co/Px2ToxbaXe",0.0,0.0,1.0,0.0,75
175,@CBS,Mon May 18 00:08:14 +0000 2020,This advice is what makes us such an effective spy while sheltering in place. #CBSMovieNight https://t.co/IVTcXsgriu,0.4767,0.171,0.829,0.0,76
176,@CBS,Mon May 18 00:06:27 +0000 2020,"When you listen to the #MissionImpossible theme song, but like, *really* listen to it.

Did you know this movie's v‚Ä¶ https://t.co/ssL56uTCUS",0.5023,0.14,0.86,0.0,77
177,@CBS,Mon May 18 00:05:00 +0000 2020,"A special Tom Cruise Easter Egg hidden, with a call back to another one of his most famous roles. #CBSMovieNight https://t.co/sr5s5YicNc",0.4019,0.119,0.881,0.0,78
178,@CBS,Mon May 18 00:04:24 +0000 2020,"Come on, everybody. Sing along! You know the words: Dun dun DUN dun, DUN dun dun dun. #CBSMovieNight https://t.co/BTWI1uhBk5",0.0,0.0,1.0,0.0,79
179,@CBS,Mon May 18 00:03:53 +0000 2020,Cheers to another great #CBSMovieNight! https://t.co/iUrQXo9whK,0.8172,0.652,0.348,0.0,80
180,@CBS,Mon May 18 00:00:00 +0000 2020,We're going back to the beginning for @TomCruise as Ethan Hunt. #CBSMovieNight's presentation of Mission: Impossibl‚Ä¶ https://t.co/cU0B3GTL2G,0.0,0.0,1.0,0.0,81
181,@CBS,Sun May 17 21:59:55 +0000 2020,"RT @latelateshow: ‚ÄúMission Impossible‚Äù will be airing during tonight‚Äôs #CBSMovieNight 

If you choose to accept this mission, tune into @CB‚Ä¶",0.3818,0.12,0.88,0.0,82
182,@CBS,Sun May 17 20:04:51 +0000 2020,RT @YandR_CBS: It‚Äôs a week full of Winters starting tomorrow on #YR! ‚ù§Ô∏è Reminisce on the history of this iconic Genoa City family and tune‚Ä¶,0.0,0.0,1.0,0.0,83
183,@CBS,Sun May 17 19:01:07 +0000 2020,RT @CBSSunday: Working from home: @tonydokoupil and @KatyTurNBC on broadcasting live from their basement https://t.co/M2p6z3iT03 https://t.‚Ä¶,0.0,0.0,1.0,0.0,84
184,@CBS,Sun May 17 18:42:09 +0000 2020,"In case you missed it, or if you'd just like to graduate again, #GraduateTogether: America Honors the Class of 2020‚Ä¶ https://t.co/yi8m5HoH23",0.5574,0.223,0.692,0.085,85
185,@CBS,Sun May 17 15:37:24 +0000 2020,Your mission begins TONIGHT. Watch #MissionImpossible on #CBSMovieNight starting at 8/7c on CBS and @CBSAllAccess. https://t.co/xCmfOdrkUz,0.0,0.0,1.0,0.0,86
186,@CBS,Sun May 17 01:25:58 +0000 2020,"""This is your generation‚Äôs world to shape.""

View @BarackObama's complete commencement address to the graduating hi‚Ä¶ https://t.co/NgX1Fz8oDu",0.0,0.0,1.0,0.0,87
187,@CBS,Sun May 17 01:10:42 +0000 2020,JOIN THEM! #GraduateTogether (video courtesy of @XQAmerica and @EIFoundation) https://t.co/PzHOuUBKhm,0.6932,0.417,0.583,0.0,88
188,@CBS,Sun May 17 00:57:10 +0000 2020,"Happy Graduation, Class of 2020! You did it! #GraduateTogether https://t.co/im5PpInc4O",0.6467,0.322,0.678,0.0,89
189,@CBS,Sun May 17 00:55:28 +0000 2020,"""This is your generation‚Äôs world to shape.""
""Build a community. No one does big things by themselves.""‚Ä¶ https://t.co/8YI6xUwx99",-0.296,0.0,0.885,0.115,90
190,@CBS,Sun May 17 00:45:20 +0000 2020,"What @lizakoshy said. We're so proud of you, graduating seniors! #GraduateTogether https://t.co/7I6P2Y13qv",0.6466,0.28,0.72,0.0,91
191,@CBS,Sun May 17 00:40:02 +0000 2020,"""Building your community is how you change the world."" - @KingJames #GraduateTogether https://t.co/334kp2N6Lz",0.0,0.0,1.0,0.0,92
192,@CBS,Sun May 17 00:37:07 +0000 2020,"""And sometimes you'll feel out of place
You can't promise me it'll be the same
Cause sometimes change""

-@HERMusicx‚Ä¶ https://t.co/r1bBmoBcMW",-0.2411,0.0,0.906,0.094,93
193,@CBS,Sun May 17 00:35:07 +0000 2020,"""Keep on keeping at what you love
You'll find that someday soon enough
You will rise up, rise up.""

Thanks,‚Ä¶ https://t.co/nU3PpsqhQr",0.6369,0.174,0.826,0.0,94
194,@CBS,Sun May 17 00:34:39 +0000 2020,".@SHAQ shared his, but what‚Äôs some #WisdomFromTheClassof2020 you‚Äôve learned? #GraduateTogether https://t.co/TudxMCV1Ig",0.1779,0.145,0.855,0.0,95
195,@CBS,Sun May 17 00:31:34 +0000 2020,"""A little adversity makes for a very compelling story, so write a good one."" -@LenaWaithe #GraduateTogether https://t.co/UTKUFSe1Gv",0.431,0.245,0.64,0.115,96
196,@CBS,Sun May 17 00:29:56 +0000 2020,"""The class of 2020 won‚Äôt be defined by what we lost to this virus, but by how we responded to it."" - @Malala‚Ä¶ https://t.co/2517STtym8",-0.1655,0.0,0.933,0.067,97
197,@CBS,Sun May 17 00:28:20 +0000 2020,"See, Mom and Dad. Animal Crossing IS educational. At least according to @kumailn. #GraduateTogether https://t.co/HJps5SKRkv",0.0,0.0,1.0,0.0,98
198,@CBS,Sun May 17 00:21:43 +0000 2020,"While the Platt brothers sing their medley, what songs will you always associate with high school? #GraduateTogether https://t.co/M3OhkwubhR",0.0,0.0,1.0,0.0,99
199,@CBS,Sun May 17 00:20:27 +0000 2020,"""I‚Äôm not going to ask you to come together. I‚Äôm going to ask you to demand better together."" - @mPinoe‚Ä¶ https://t.co/Lfjgca3a8l",0.34,0.124,0.812,0.064,100
200,@CNN,Thu May 21 21:02:48 +0000 2020,"Chinese stocks are the latest flashpoint in an intensifying standoff between the US and China.

In recent days, US‚Ä¶ https://t.co/rxqQJHP76i",0.0,0.0,1.0,0.0,1
201,@CNN,Thu May 21 20:47:00 +0000 2020,Victoria's Secret is permanently closing a quarter of its stores in the United States and Canada over the next few‚Ä¶ https://t.co/E727TQxULe,0.4215,0.123,0.877,0.0,2
202,@CNN,Thu May 21 20:31:01 +0000 2020,First lady Melania Trump will take part in tonight's #CNNTownHall on coronavirus. She's expected to address the nat‚Ä¶ https://t.co/v0B5O3x5iW,0.0,0.0,1.0,0.0,3
203,@CNN,Thu May 21 20:12:29 +0000 2020,"One grocery store in Manchester, Missouri, decided their salad bars were looking a bit lonely. So what used to be f‚Ä¶ https://t.co/keRAsK0jNf",-0.3612,0.0,0.894,0.106,4
204,@CNN,Thu May 21 19:56:08 +0000 2020,Two of the US military's most senior leaders issued a stark warning Thursday that the threat from the coronavirus i‚Ä¶ https://t.co/kswVXg11gZ,-0.7003,0.0,0.766,0.234,5
205,@CNN,Thu May 21 19:54:39 +0000 2020,New Hampshire Sen. Jeanne Shaheen has informed Joe Biden's presidential campaign that she is not interested in bein‚Ä¶ https://t.co/CLXEg4jzNa,-0.3089,0.0,0.889,0.111,6
206,@CNN,Thu May 21 19:37:49 +0000 2020,"More than 1,200 pastors in California have signed a petition that says they will resume in-person services beginnin‚Ä¶ https://t.co/bgMwDQm0At",0.0,0.0,1.0,0.0,7
207,@CNN,Thu May 21 19:28:23 +0000 2020,What questions do you have about education amid the coronavirus pandemic? Post your questions in the comments secti‚Ä¶ https://t.co/e74Dz7re62,0.0,0.0,1.0,0.0,8
208,@CNN,Thu May 21 19:20:04 +0000 2020,"The coronavirus recession will cause Trump to suffer a ""historic defeat"" in November, a national election model rel‚Ä¶ https://t.co/d9pVoNVu5h",-0.8519,0.0,0.632,0.368,9
209,@CNN,Thu May 21 19:13:30 +0000 2020,"Next week, each state in the US will be reopening in some capacity, which has many people wondering how to prepare.‚Ä¶ https://t.co/kBqvf7KDw8",0.0,0.0,1.0,0.0,10
210,@CNN,Thu May 21 19:10:04 +0000 2020,"""My dream is to meet every kid in the entire world and give them art."" This girl has sent over 1,500 children in ho‚Ä¶ https://t.co/cSTh25MyDN",0.25,0.077,0.923,0.0,11
211,@CNN,Thu May 21 19:00:08 +0000 2020,How do you think the pandemic will change the classroom? Join @AndersonCooper and @DrSanjayGupta for a new‚Ä¶ https://t.co/eIvHVYopgI,0.296,0.115,0.885,0.0,12
212,@CNN,Thu May 21 18:50:07 +0000 2020,"If the US began social distancing a week earlier than it did, it could've prevented at least 36,000 coronavirus dea‚Ä¶ https://t.co/Cxh0cBISaf",0.0258,0.052,0.948,0.0,13
213,@CNN,Thu May 21 18:40:04 +0000 2020,Victoria's Secret is permanently closing 250 stores in the US and Canada https://t.co/J7Fy8HGKQG,0.0,0.0,1.0,0.0,14
214,@CNN,Thu May 21 18:30:06 +0000 2020,President Trump calls Columbia University report that predicted there would have been fewer US deaths with earlier‚Ä¶ https://t.co/Z4YiUSSQog,0.0,0.0,1.0,0.0,15
215,@CNN,Thu May 21 18:28:05 +0000 2020,Infectious disease experts at the University of Minnesota say testing is not accurate enough to use alone to make m‚Ä¶ https://t.co/tsNaSDU8yF,-0.25,0.0,0.909,0.091,16
216,@CNN,Thu May 21 18:21:47 +0000 2020,The CDC hasn't responded to CNN's request for comment on whether its guidance includes adding antibody tests to tot‚Ä¶ https://t.co/QeZduSiUOh,0.0,0.0,1.0,0.0,17
217,@CNN,Thu May 21 18:21:23 +0000 2020,"The states say their totals have included numbers from two test results: viral and antibody.

‚ñ™Ô∏éViral tests look fo‚Ä¶ https://t.co/fiK68FUUkM",0.0,0.0,1.0,0.0,18
218,@CNN,Thu May 21 18:20:31 +0000 2020,"At least four states ‚Äî Virginia, Texas, Georgia, and Vermont ‚Äî have combined data from two different test results,‚Ä¶ https://t.co/S28SMnzlAA",0.0,0.0,1.0,0.0,19
219,@CNN,Thu May 21 18:15:04 +0000 2020,"""Democratic leaders sent a letter to President Trump requesting that he order flags lowered to half-staff when the‚Ä¶ https://t.co/QTWMQ7ZHes",-0.128,0.0,0.923,0.077,20
220,@CNN,Thu May 21 18:10:05 +0000 2020,A FedEx carrier in Georgia turned to TikTok to help a 6-year-old fan send a gift to skateboarding pro Tony Hawk https://t.co/C02laKfEZX,0.7845,0.294,0.706,0.0,21
221,@CNN,Thu May 21 18:00:34 +0000 2020,"Sweden has revealed that despite adopting more relaxed measures to control coronavirus, only 7.3% of people in Stoc‚Ä¶ https://t.co/0Lw7O5sF6c",-0.43,0.0,0.864,0.136,22
222,@CNN,Thu May 21 17:50:01 +0000 2020,"The projection ‚Äî a guess, the CEO said, not a target ‚Äî marks a major pivot by the world's biggest social media comp‚Ä¶ https://t.co/4NT0kUGymG",0.0,0.0,1.0,0.0,23
223,@CNN,Thu May 21 17:44:48 +0000 2020,Some Salvadorans praise President Nayib Bukele for taking decisive action that may have saved his small Central Ame‚Ä¶ https://t.co/9DBQJEePiT,0.8074,0.342,0.658,0.0,24
224,@CNN,Thu May 21 17:20:05 +0000 2020,"Colorful bleaching has been observed since 2010 in coral reefs across the globe, but the mechanism and reasoning be‚Ä¶ https://t.co/lVE6Xna1mK",0.0,0.0,1.0,0.0,25
225,@CNN,Thu May 21 17:10:06 +0000 2020,"Washington, DC, Mayor Muriel Bowser says the District can begin stage one of its reopening on Friday, May 29, if th‚Ä¶ https://t.co/pItzea89N6",0.0,0.0,1.0,0.0,26
226,@CNN,Thu May 21 17:00:19 +0000 2020,.@FareedZakaria investigates China and Covid-19. Discover what he learned in the new CNN Special Report ‚Äì China‚Äôs D‚Ä¶ https://t.co/24GJW9PBmk,0.4019,0.13,0.87,0.0,27
227,@CNN,Thu May 21 16:50:06 +0000 2020,"The Senate has confirmed GOP Rep. John Ratcliffe as President Trump's top intelligence official, tossing him into a‚Ä¶ https://t.co/uvHZpA65HZ",0.5994,0.224,0.776,0.0,28
228,@CNN,Thu May 21 16:40:09 +0000 2020,Almost all of over a dozen entities that forecast the seasonal tropical outlook call for an above-average number of‚Ä¶ https://t.co/SID5YN4KtN,0.0772,0.064,0.936,0.0,29
229,@CNN,Thu May 21 16:39:34 +0000 2020,"Wilson Roosevelt Jerman, a former White House butler who worked under 11 US Presidents, has died after contracting‚Ä¶ https://t.co/gX6cH76GKF",-0.5574,0.0,0.833,0.167,30
230,@CNN,Thu May 21 16:30:07 +0000 2020,Actress Lori Loughlin and fashion designer Mossimo Giannulli have agreed to plead guilty to conspiracy charges in c‚Ä¶ https://t.co/Vx499mEf90,-0.7351,0.083,0.591,0.327,31
231,@CNN,Thu May 21 16:20:09 +0000 2020,"Another 2.4 million Americans filed for first-time benefits last week, bringing the total to 38.6 million since mid‚Ä¶ https://t.co/xs1kjEg2lT",0.3818,0.126,0.874,0.0,32
232,@CNN,Thu May 21 16:10:04 +0000 2020,A President who ought to be unifying the country seems to be using his office to indulge his own need for attention‚Ä¶ https://t.co/h3DDdV0g3W,0.0,0.0,1.0,0.0,33
233,@CNN,Thu May 21 16:00:07 +0000 2020,New Zealand's Jacinda Ardern has floated the idea of a four-day working week to help the economy in the wake of the‚Ä¶ https://t.co/ybmrEipcuK,0.4019,0.109,0.891,0.0,34
234,@CNN,Thu May 21 15:52:13 +0000 2020,"If the US began social distancing a week earlier than it did, it could've prevented at least 36,000 coronavirus dea‚Ä¶ https://t.co/UDlgK8Dz4u",0.0258,0.052,0.948,0.0,35
235,@CNN,Thu May 21 15:40:48 +0000 2020,"So far, President Trump has resisted covering his face in public or being seen wearing a mask, despite the federal‚Ä¶ https://t.co/SKq6S72qEG",0.0,0.0,1.0,0.0,36
236,@CNN,Thu May 21 15:30:03 +0000 2020,The Trump administration is preparing to withdraw from a major arms treaty designed to reduce the risk of military‚Ä¶ https://t.co/M4WDMAfOUw,-0.2732,0.0,0.9,0.1,37
237,@CNN,Thu May 21 15:20:01 +0000 2020,China's rubberstamp parliament has announced that a new national security law in Hong Kong will be on the agenda at‚Ä¶ https://t.co/DjHrFXC59n,0.34,0.107,0.893,0.0,38
238,@CNN,Thu May 21 15:10:05 +0000 2020,Green snow created by blooming algae in the Antarctic Peninsula is likely to spread as temperatures increase as a r‚Ä¶ https://t.co/8Z6hFVA0Fm,0.5106,0.185,0.815,0.0,39
239,@CNN,Thu May 21 15:00:07 +0000 2020,California has quickly repaid a nearly $1.4 billion loan from the federal government used to fund a massive increas‚Ä¶ https://t.co/er0IkaKj1X,0.0,0.0,1.0,0.0,40
240,@CNN,Thu May 21 14:50:07 +0000 2020,"""Trump's 'it will go away' statements about Covid-19 have baffled people who say he's downplaying the threat of the‚Ä¶ https://t.co/B6EmqVgCYd",-0.5267,0.0,0.848,0.152,41
241,@CNN,Thu May 21 14:42:23 +0000 2020,"RT @CNNnewsroom: President Trump is threatening to withhold federal funding from Nevada over mail-in voting.

‚ÄúIt's a piece of political ab‚Ä¶",-0.5267,0.0,0.855,0.145,42
242,@CNN,Thu May 21 14:40:07 +0000 2020,"The resolution in Franklin County, which encompasses Ohio's capital of Columbus, references over 100 studies linkin‚Ä¶ https://t.co/Tcqtm8DVmE",0.0,0.0,1.0,0.0,43
243,@CNN,Thu May 21 14:30:06 +0000 2020,US airline industry group Airlines for America says 8.5% of flights are more than 70% full. The group maintains tha‚Ä¶ https://t.co/5UJNgn1LVq,0.0,0.0,1.0,0.0,44
244,@CNN,Thu May 21 14:20:00 +0000 2020,"When ""Pac-Man"" debuted 40 years ago, no one could have predicted it would become the most successful arcade game of‚Ä¶ https://t.co/2biC9aYXsE",0.4391,0.162,0.751,0.087,45
245,@CNN,Thu May 21 14:10:08 +0000 2020,"Indian, Indonesian, Ethiopian and Nigerian cooks could teach novices a thing or two, since they've had meat-free ea‚Ä¶ https://t.co/YxcBeATjwK",0.0,0.0,1.0,0.0,46
246,@CNN,Thu May 21 14:02:33 +0000 2020,The Louisville Metro Police Department will require all sworn officers to wear body cameras and will change how the‚Ä¶ https://t.co/XKFWtdNdpn,0.0,0.0,1.0,0.0,47
247,@CNN,Thu May 21 13:51:07 +0000 2020,"The company said it expects it lost as much as $1.1 billion between February and May, blaming its losses on lockdow‚Ä¶ https://t.co/hbtpecGNxg",-0.802,0.0,0.699,0.301,48
248,@CNN,Thu May 21 13:40:07 +0000 2020,"""In my brief, manic campaign to scrub as much of my personal data as possible and wipe my digital slate clean, I le‚Ä¶ https://t.co/2n3UNGWBlt",0.4019,0.105,0.895,0.0,49
249,@CNN,Thu May 21 13:26:51 +0000 2020,JUST IN: Actress Lori Loughlin and fashion designer Mossimo Giannulli have agreed to plead guilty to conspiracy cha‚Ä¶ https://t.co/97a9eMpkRF,-0.6249,0.086,0.658,0.255,50
250,@CNN,Thu May 21 13:17:17 +0000 2020,RT @cnni: British health care workers are taking part in a global clinical trial to test the effectiveness of anti-malarial drugs chloroqui‚Ä¶,0.4939,0.132,0.868,0.0,51
251,@CNN,Thu May 21 13:16:34 +0000 2020,"A shooter at Naval Air Station Corpus Christi in Texas has been ""neutralized,"" the US Navy said in a statement. One‚Ä¶ https://t.co/wHr8cvcdif",0.0,0.0,1.0,0.0,52
252,@CNN,Thu May 21 13:00:04 +0000 2020,"Another 2.4 million Americans filed for first-time benefits last week, bringing the total to 38.6 million since mid‚Ä¶ https://t.co/IYZua7p8x9",0.3818,0.126,0.874,0.0,53
253,@CNN,Thu May 21 12:50:02 +0000 2020,"JUST IN: Another 2.4 million Americans filed for first-time benefits last week, bringing the total to 38.6 million‚Ä¶ https://t.co/ZuYXYhGXUk",0.3818,0.126,0.874,0.0,54
254,@CNN,Thu May 21 12:45:10 +0000 2020,This family discovered two bags containing nearly $1 million in cash while on an afternoon drive‚Ä¶ https://t.co/dy8mJNIo2i,0.0,0.0,1.0,0.0,55
255,@CNN,Thu May 21 12:30:09 +0000 2020,"All newborns delivered to women with Covid-19 infections, confirmed or suspected, should be tested, the US Centers‚Ä¶ https://t.co/NoCuytC7P6",-0.2263,0.0,0.899,0.101,56
256,@CNN,Thu May 21 12:15:06 +0000 2020,"Here's everything you need to know about the coronavirus pandemic today: https://t.co/e0RO4CX9A5

üì© Sign up to get‚Ä¶ https://t.co/X88SeiGESM",0.0,0.0,1.0,0.0,57
257,@CNN,Thu May 21 12:13:48 +0000 2020,"RT @NewDay: Biologist @ErinBromage shares tips on how to celebrate safely this holiday weekend:

- No shared chips, bring your own food

-‚Ä¶",0.8678,0.371,0.565,0.064,58
258,@CNN,Thu May 21 12:00:08 +0000 2020,"In less than 12 hours, about 11,000 people evacuated Midland, Michigan, and its surrounding areas after two dams fa‚Ä¶ https://t.co/bSxEYEOTje",0.0,0.0,1.0,0.0,59
259,@CNN,Thu May 21 11:45:04 +0000 2020,This Tokyo pub has a machine that sprays customers with disinfectant as they enter https://t.co/9MObCX39mA https://t.co/9NuitnD2Nc,0.0,0.0,1.0,0.0,60
260,@CNN,Thu May 21 11:30:06 +0000 2020,"Disney Springs ‚Äî Walt Disney World Resort's shopping, dining and entertainment complex ‚Äî has started a phased reope‚Ä¶ https://t.co/6BF1MJHK6J",0.4215,0.135,0.865,0.0,61
261,@CNN,Thu May 21 11:15:05 +0000 2020,"As productions began to shutter in the second week of March, the Food Network was quick to realize the need for pro‚Ä¶ https://t.co/7hMUEp5eUO",0.0,0.0,1.0,0.0,62
262,@CNN,Thu May 21 11:00:13 +0000 2020,"More than 5 million cases of Covid-19 have now been recorded globally, according to data compiled by Johns Hopkins‚Ä¶ https://t.co/ANSr58i7wO",0.0,0.0,1.0,0.0,63
263,@CNN,Thu May 21 10:45:09 +0000 2020,"South Korean football team FC Seoul has said it has been handed a $81,300 fine after being accused of placing sex d‚Ä¶ https://t.co/xhoxAn13W2",-0.1027,0.072,0.84,0.088,64
264,@CNN,Thu May 21 10:37:45 +0000 2020,"The coronavirus recession will cause Trump to suffer a ""historic defeat"" in November, a national election model rel‚Ä¶ https://t.co/oufPb1bfZA",-0.8519,0.0,0.632,0.368,65
265,@CNN,Thu May 21 10:20:03 +0000 2020,"Virginia, Texas, Georgia, and Vermont say they've been adding two numbers ‚Äî viral test results and antibody test re‚Ä¶ https://t.co/fA8eRq0Pha",0.0,0.0,1.0,0.0,66
266,@CNN,Thu May 21 09:59:05 +0000 2020,A man in Singapore was sentenced to death for drug trafficking last week via a Zoom call as the country's courts ho‚Ä¶ https://t.co/Nrck6NqKhT,-0.6124,0.0,0.808,0.192,67
267,@CNN,Thu May 21 09:57:54 +0000 2020,A man in Singapore was sentenced to death for drug trafficking last week via a Zoom call as the country's courts ho‚Ä¶ https://t.co/c8cfdMpgZt,-0.6124,0.0,0.808,0.192,68
268,@CNN,Thu May 21 09:25:03 +0000 2020,"Two days after the Yellowstone National Park partially reopened following coronavirus restrictions, a woman was inj‚Ä¶ https://t.co/1nkN3qB8RG",0.0,0.0,1.0,0.0,69
269,@CNN,Thu May 21 09:15:10 +0000 2020,Here's how Covid-19 could change the way we fly https://t.co/0ckU5hcJcl https://t.co/cHFEWWvZ0b,0.0,0.0,1.0,0.0,70
270,@CNN,Thu May 21 08:50:10 +0000 2020,A suspect is in custody after three people were shot Wednesday night at the Westgate Entertainment District in Glen‚Ä¶ https://t.co/GoBo0Vw5yP,0.1531,0.122,0.783,0.096,71
271,@CNN,Thu May 21 08:31:58 +0000 2020,New Zealand's Jacinda Ardern has floated the idea of a four-day working week to help the economy in the wake of the‚Ä¶ https://t.co/wHKyswmG62,0.4019,0.109,0.891,0.0,72
272,@CNN,Thu May 21 08:03:43 +0000 2020,"""It was as if a tsunami overwhelmed us, especially the oldest people.""

A whole generation was overwhelmed by Covid‚Ä¶ https://t.co/7FVwBb1KJE",0.1027,0.118,0.882,0.0,73
273,@CNN,Thu May 21 07:50:02 +0000 2020,"Thousands of people have been left homeless in the wake of Cyclone Amphan, which slammed into India's eastern coast‚Ä¶ https://t.co/vdjDcTs9Bj",0.0,0.0,1.0,0.0,74
274,@CNN,Thu May 21 07:25:06 +0000 2020,"At least 5,000,038 cases of Covid-19 have now been recorded globally, according to data compiled by Johns Hopkins U‚Ä¶ https://t.co/wHggId5GZi",0.0,0.0,1.0,0.0,75
275,@CNN,Thu May 21 07:10:07 +0000 2020,The receptors that let the coronavirus into our cells appear to be less common in children's noses -- which may be‚Ä¶ https://t.co/Rjb4CTWAKw,0.0,0.0,1.0,0.0,76
276,@CNN,Thu May 21 06:55:07 +0000 2020,A President who ought to be unifying the country seems to be using his office to indulge his own need for attention‚Ä¶ https://t.co/Nfn174QFnD,0.0,0.0,1.0,0.0,77
277,@CNN,Thu May 21 06:40:05 +0000 2020,Former Vice President Joe Biden and the Democratic National Committee came close to matching the fundraising perfor‚Ä¶ https://t.co/fDcDzQtqwD,0.0,0.0,1.0,0.0,78
278,@CNN,Thu May 21 06:36:14 +0000 2020,A suspect is in custody after three people were shot Wednesday night at the Westgate Entertainment District in Glen‚Ä¶ https://t.co/6WpHUBCvIj,0.1531,0.122,0.783,0.096,79
279,@CNN,Thu May 21 06:25:03 +0000 2020,TikTok's hiring of Disney veteran Kevin Mayer may not be enough to win over the growing number of US lawmakers who‚Ä¶ https://t.co/ZpU156YLfd,0.7003,0.264,0.736,0.0,80
280,@CNN,Thu May 21 06:10:12 +0000 2020,"""My dream is to meet every kid in the entire world and give them art."" This girl has sent over 1,500 children in ho‚Ä¶ https://t.co/rs12xrPoVW",0.25,0.077,0.923,0.0,81
281,@CNN,Thu May 21 06:00:58 +0000 2020,Federal regulators have warned for more than 20 years of inadequate spillways at a Michigan dam that was breached T‚Ä¶ https://t.co/CyTueYQGvo,-0.5859,0.0,0.798,0.202,82
282,@CNN,Thu May 21 05:50:02 +0000 2020,"The USS Theodore Roosevelt has returned to sea, after being docked in Guam for weeks due to a coronavirus outbreak‚Ä¶ https://t.co/P33sI92Szq",0.0,0.0,1.0,0.0,83
283,@CNN,Thu May 21 05:35:07 +0000 2020,"The United States recorded 23,285 new cases of coronavirus and 1,518 related deaths on Wednesday, according to John‚Ä¶ https://t.co/6ocdnN1EXd",0.4215,0.135,0.865,0.0,84
284,@CNN,Thu May 21 05:20:02 +0000 2020,"If the United States had implemented social distancing policies just a week sooner, it could have prevented more th‚Ä¶ https://t.co/gcoNaSHxw5",0.4404,0.178,0.822,0.0,85
285,@CNN,Thu May 21 05:06:47 +0000 2020,"North Carolina Gov. Roy Cooper said dine-in eating, hair and nail salons, barbershops, churches and pools will be o‚Ä¶ https://t.co/5LpchA12SZ",0.0,0.0,1.0,0.0,86
286,@CNN,Thu May 21 04:57:37 +0000 2020,Donald Trump in April 2009 said the Obama administration was handling the ‚Äãearly days of the 2009-2010 H1N1 outbrea‚Ä¶ https://t.co/k9MqrrIX7G,0.0,0.0,1.0,0.0,87
287,@CNN,Thu May 21 04:45:01 +0000 2020,The agency in charge of public transit in New York City announced a pilot program using ultraviolet light lamps in‚Ä¶ https://t.co/nooioDCHSP,0.0,0.0,1.0,0.0,88
288,@CNN,Thu May 21 04:35:56 +0000 2020,Astronomers believe they have observed the first direct evidence of planet birth in a young star system 520 light-y‚Ä¶ https://t.co/ROZElH3ZKx,0.0,0.0,1.0,0.0,89
289,@CNN,Thu May 21 04:25:02 +0000 2020,A state lawmaker in Illinois has defended his refusal to wear a mask meant to stem the spread of coronavirus after‚Ä¶ https://t.co/PjShXSyoPj,0.0,0.0,1.0,0.0,90
290,@CNN,Thu May 21 04:11:06 +0000 2020,"""Given what experts have said about a potential resurgence of the virus and the flu season ... reopening schools th‚Ä¶ https://t.co/W7wQpP2xfa",-0.3818,0.0,0.885,0.115,91
291,@CNN,Thu May 21 04:01:09 +0000 2020,A South Carolina woman who faces assault and battery charges told officials she thought her mail was being stolen b‚Ä¶ https://t.co/26RSHK3ADj,-0.8442,0.0,0.664,0.336,92
292,@CNN,Thu May 21 03:53:34 +0000 2020,The director-general of the World Health Organization on Wednesday said that more cases had been reported to the ag‚Ä¶ https://t.co/5SLtd7rLtc,0.0,0.0,1.0,0.0,93
293,@CNN,Thu May 21 03:35:16 +0000 2020,"Protesters staged a mock funeral at Lafayette Square in Washington, DC, to protest the White House coronavirus resp‚Ä¶ https://t.co/PFDno6Kicv",-0.802,0.0,0.62,0.38,94
294,@CNN,Thu May 21 03:21:04 +0000 2020,Whereas Democrats are moving forward with a cautious approach ‚Äî setting their convention back by a month and openly‚Ä¶ https://t.co/Vp9ZAGL9gD,-0.1027,0.0,0.931,0.069,95
295,@CNN,Thu May 21 03:20:04 +0000 2020,A coronavirus model that has been cited by the White House is looking to incorporate data on whether Americans wear‚Ä¶ https://t.co/9c4ruxARBW,0.0,0.0,1.0,0.0,96
296,@CNN,Thu May 21 03:20:04 +0000 2020,Senate Majority Leader Mitch McConnell has kept fellow Republicans at bay by saying Congress should wait before pas‚Ä¶ https://t.co/KWfQDsjrgR,0.0,0.0,1.0,0.0,97
297,@CNN,Thu May 21 03:19:02 +0000 2020,"Coronavirus testing in the United States is disorganized and needs coordination at the national level, infectious d‚Ä¶ https://t.co/GkOalDyJu8",0.1531,0.133,0.762,0.105,98
298,@CNN,Thu May 21 03:16:04 +0000 2020,"The University of California is going green.

The university system announced this week that it had divested comple‚Ä¶ https://t.co/HLBmb2zFzM",0.0,0.0,1.0,0.0,99
299,@CNN,Thu May 21 03:15:05 +0000 2020,"Struggling farmers and ranchers, many of whom have seen their markets collapse as the coronavirus pandemic upended‚Ä¶ https://t.co/4zwfrqdlEV",-0.7184,0.0,0.727,0.273,100
300,@Fox,Thu May 21 03:46:26 +0000 2020,@ow what is happening with these icons though,0.0,0.0,1.0,0.0,1
301,@Fox,Thu May 21 00:10:26 +0000 2020,"why bother working on a reasonable verification system if you can make people fight for checkmarks

https://t.co/BYV0rjWb8N",-0.6124,0.0,0.75,0.25,2
302,@Fox,Wed May 20 23:03:49 +0000 2020,@meyerweb prime assholery,0.0,0.0,1.0,0.0,3
303,@Fox,Wed May 20 22:57:37 +0000 2020,"you will never verify me, you cowards

https://t.co/3uT26tY9Ow",0.0,0.0,1.0,0.0,4
304,@Fox,Wed May 20 22:57:00 +0000 2020,"RT @JillWetzler: Ahahahaha what a witty and clever joke about a tremendously biased and neglected feature that has been ""on hold"" for liter‚Ä¶",-0.216,0.172,0.628,0.2,5
305,@Fox,Wed May 20 04:18:46 +0000 2020,"me: *asks a question*

@AWSSupport:

@AWSSupport: if you‚Äôd like support that will be 3% of your bill

me: fine, *pa‚Ä¶ https://t.co/bihzAynjJ3",0.7184,0.28,0.72,0.0,6
306,@Fox,Wed May 20 04:09:25 +0000 2020,"The worst support I have ever seen in my career is hands-down @AWSSupport @awscloud. 

Endless questions unanswered‚Ä¶ https://t.co/gnrEN4EY1j",-0.34,0.118,0.702,0.18,7
307,@Fox,Wed May 20 02:04:56 +0000 2020,"In March, there were a lot of predictions on how the global crisis is going to hit tech companies. 

Some are true‚Ä¶ https://t.co/QRwG0sHVY7",-0.6249,0.0,0.843,0.157,8
308,@Fox,Wed May 20 01:52:56 +0000 2020,@dan_abramov masculinity stereotyping.,0.0,0.0,1.0,0.0,9
309,@Fox,Wed May 20 00:21:59 +0000 2020,"‚ÄùI didn‚Äôt develop any enviable habits, and I‚Äôm more than OK with that. It‚Äôs an achievement to have rejected the pro‚Ä¶ https://t.co/r2eJDsODr9",-0.0229,0.121,0.754,0.124,10
310,@Fox,Tue May 19 04:25:36 +0000 2020,"A really good analysis of the Australian COVIDSafe app from both privacy and security standpoints. üëáüèª

https://t.co/u3dOlHhDdp",0.6801,0.21,0.79,0.0,11
311,@Fox,Tue May 19 00:40:00 +0000 2020,"RT @mjmichellekim: Fortune 500 CEOs
- 37 women, 34 of them white
- 3 women of color, all Asians (Indian, Taiwanese, Chinese)
- 0 Black wome‚Ä¶",0.0,0.0,1.0,0.0,12
312,@Fox,Mon May 18 06:56:09 +0000 2020,"RT @perfemail: Performance Newsletter ‚Ññ49‚Äîtrack Web Vitals by @igrigorik, see JS framework impact by @tkadlec, learn if Chrome will block y‚Ä¶",-0.2023,0.088,0.792,0.121,13
313,@Fox,Mon May 18 06:28:22 +0000 2020,RT @drthema: Insecurity and imposter syndrome can create constant anxiety. Let‚Äôs breathe and give ourselves permission to release. It‚Äôs not‚Ä¶,-0.34,0.089,0.72,0.191,14
314,@Fox,Mon May 18 06:13:28 +0000 2020,@jstn porn,0.0,0.0,1.0,0.0,15
315,@Fox,Mon May 18 00:57:29 +0000 2020,@pjrvs *insert existential crisis*,-0.6249,0.0,0.423,0.577,16
316,@Fox,Mon May 18 00:44:22 +0000 2020,"@ow @pjrvs hahahaah it me üòÇ 

the problem I currently have is that the last redesign was when I still was looking f‚Ä¶ https://t.co/rwfgE0HPIx",0.0516,0.114,0.749,0.138,17
317,@Fox,Mon May 18 00:38:59 +0000 2020,@pjrvs nearly every day i want to blog again but then I look at my website and want to redesign it and we both know how that goes,0.1531,0.091,0.909,0.0,18
318,@Fox,Sun May 17 04:40:37 +0000 2020,@jongold i thought any time was suitable for good ol shitpost?!,0.4926,0.242,0.758,0.0,19
319,@Fox,Sun May 17 01:04:40 +0000 2020,"@makenosound yeah, how could that go wrong, I really can‚Äôt tell lmao",0.5046,0.345,0.487,0.168,20
320,@Fox,Sun May 17 01:04:01 +0000 2020,there‚Äôs never anything good hiding under ‚Äúshow more replies‚Äù on the bird website. never.,-0.1326,0.116,0.736,0.148,21
321,@Fox,Sun May 17 00:36:44 +0000 2020,"If that‚Äôs the condition for going to restaurants and bars, I won‚Äôt be going. Still, can get takeaway without sacrif‚Ä¶ https://t.co/lhb9u9YIG4",0.0,0.0,1.0,0.0,22
322,@Fox,Sun May 17 00:36:44 +0000 2020,Who manages this data? How long do they have it for? How many people at a given place have my data? There are no re‚Ä¶ https://t.co/3adivIh0M2,-0.4098,0.0,0.901,0.099,23
323,@Fox,Sun May 17 00:36:44 +0000 2020,"Victoria announced lifting of restrictions and closures for hospitality venues, which is great.

What‚Äôs not great i‚Ä¶ https://t.co/hmzqfYA4Uj",0.2037,0.175,0.684,0.141,24
324,@Fox,Sat May 16 01:54:19 +0000 2020,"RT @SarahMoran: If you have a job, stand in solidarity with those who don‚Äôt.

üíî 594,300 Aussie jobs gone
üíî underemployment up 4.9% to 13.7%‚Ä¶",-0.6124,0.068,0.741,0.191,25
325,@Fox,Fri May 15 23:35:19 +0000 2020,"fb ruining gifs and expanding its tentacles, again

https://t.co/LpP8w4Ls4K",-0.25,0.0,0.8,0.2,26
326,@Fox,Fri May 15 10:54:01 +0000 2020,@benschwarz @MelissaKaulfuss here it is; ask me anything you want to know :) https://t.co/55HQrCEKeO,0.5106,0.264,0.736,0.0,27
327,@Fox,Fri May 15 09:56:27 +0000 2020,@dotmariusz woah. we have 15-25 cases a day for the whole country and only now some of the restaurants in some stat‚Ä¶ https://t.co/IMqs2bIs93,0.0,0.0,1.0,0.0,28
328,@Fox,Fri May 15 04:38:02 +0000 2020,@alexgoffey aaahhh ü§§ I have been wondering if I should buy their book. their cakes are the best (and the most luxurious üòÇ),0.7964,0.229,0.716,0.054,29
329,@Fox,Fri May 15 02:40:18 +0000 2020,@eleanorkh and fashionable,0.0,0.0,1.0,0.0,30
330,@Fox,Fri May 15 01:53:42 +0000 2020,"I had a responsible, socially distanced coffee walk with a friend today (üëãüèª @eleanorkh). First time in two months.‚Ä¶ https://t.co/iiqOLRkRMq",0.8271,0.283,0.717,0.0,31
331,@Fox,Fri May 15 00:33:28 +0000 2020,@csswizardry https://t.co/o4a1RleD2N,0.0,0.0,1.0,0.0,32
332,@Fox,Fri May 15 00:10:03 +0000 2020,"RT @humanworkplace: Your job title does not define you

Your salary does not define you

You are righteous with or without a job

Don‚Äôt let‚Ä¶",0.0,0.0,1.0,0.0,33
333,@Fox,Thu May 14 08:57:15 +0000 2020,@glenmaddern singapore?? üôÉ,0.0,0.0,1.0,0.0,34
334,@Fox,Thu May 14 02:37:36 +0000 2020,we‚Äôve been quietly testing @____lighthouse 6 beta for a few months and will be running the stable version right aft‚Ä¶ https://t.co/nn8gC3xuzj,0.296,0.099,0.901,0.0,35
335,@Fox,Thu May 14 01:34:52 +0000 2020,"RT @venikunche: white women != diversity

Having just white women does not make your team or your event diverse.",0.0,0.0,1.0,0.0,36
336,@Fox,Wed May 13 06:12:46 +0000 2020,"@the_patima but, tbh, I am sick of those debates who‚Äôs real or not. they‚Äôre all gatekeeping people (usually minorit‚Ä¶ https://t.co/ge18a8SEuP",-0.6652,0.0,0.81,0.19,37
337,@Fox,Wed May 13 06:09:06 +0000 2020,"@the_patima internally: never. your designer perfectionism and impostor syndrome won‚Äôt let u.
externally: never. th‚Ä¶ https://t.co/5gi4de60QI",-0.2411,0.0,0.884,0.116,38
338,@Fox,Wed May 13 06:04:33 +0000 2020,"everything about this is golden.

https://t.co/WHoNBbEnS6",0.0,0.0,1.0,0.0,39
339,@Fox,Wed May 13 02:38:02 +0000 2020,"the obsession with tooling (incl. frameworks) is deeply rooted in tech. 

it‚Äôs also constantly weaponised to talk p‚Ä¶ https://t.co/boCYtXGtJT",-0.34,0.0,0.882,0.118,40
340,@Fox,Wed May 13 02:36:48 +0000 2020,"@NatDudley omgmgmgmgmgmg yes!! i still remember when i went to see nanette at MICF; one of my first, and the best e‚Ä¶ https://t.co/KNWtuMNvak",0.8168,0.263,0.737,0.0,41
341,@Fox,Wed May 13 02:25:54 +0000 2020,"I want @ArtifactUprsng, but in Australia. Are there really no high quality, decently priced photo+framing services here? üò≠",-0.8042,0.045,0.666,0.289,42
342,@Fox,Tue May 12 06:54:13 +0000 2020,@benschwarz @glenmaddern i recommend never reading your mentions. works a treat!,0.6696,0.379,0.621,0.0,43
343,@Fox,Mon May 11 09:42:41 +0000 2020,"RT @karenkho: Economics says the best gifts for moms are:
-paid parental leave
-affordable child care
-men doing much more housework and pa‚Ä¶",0.802,0.259,0.699,0.042,44
344,@Fox,Mon May 11 09:15:42 +0000 2020,RT @maiab: I have figured out why people who work at big companies are so much less productive than people who work at startups and it‚Äôs be‚Ä¶,0.0,0.0,1.0,0.0,45
345,@Fox,Mon May 11 06:14:34 +0000 2020,"@holman writing like that is okay (I agree with the sentiment &amp; been saying this for ages) but it offers no data, n‚Ä¶ https://t.co/sgW6lopf3B",0.0387,0.178,0.721,0.101,46
346,@Fox,Mon May 11 01:45:01 +0000 2020,@KasperWargula I use https://t.co/M5g71J0FVV but I think there are some tools that integrate directly with slack :),0.6124,0.2,0.8,0.0,47
347,@Fox,Sun May 10 06:16:15 +0000 2020,RT @rachelyhe_: ‚Äúdesign leaders‚Äù who need to rip into junior designers in order to voice a dissenting opinion are not real leaders,0.0,0.0,1.0,0.0,48
348,@Fox,Thu May 07 23:28:57 +0000 2020,RT @jessica_salfia: This poem is called ‚ÄúFirst lines of emails I‚Äôve received while quarantining.‚Äù https://t.co/4keCqPaO63,0.0,0.0,1.0,0.0,49
349,@Fox,Thu May 07 22:48:26 +0000 2020,"@NatDudley well, that is awful. I‚Äôm glad she found a much better home. ‚ù§Ô∏è",0.6124,0.364,0.5,0.136,50
350,@Fox,Thu May 07 22:47:27 +0000 2020,@danrubin I had the same problem with finding refried beans without lard. It‚Äôs a thing for sure; takes a bit of loo‚Ä¶ https://t.co/olAGrqcj70,-0.1027,0.088,0.808,0.104,51
351,@Fox,Thu May 07 22:45:46 +0000 2020,@NatDudley omg what a cute fluff!,0.5093,0.397,0.603,0.0,52
352,@Fox,Thu May 07 21:51:22 +0000 2020,RT @kosamari: 5G is not gonna make your frontend performance disappear just like LTE and high performance CPU didn't fix it in the past dec‚Ä¶,0.1531,0.091,0.839,0.069,53
353,@Fox,Thu May 07 10:48:35 +0000 2020,‚ÄûOrdinary life before the pandemic was already a catastrophe of desperation and exclusion for too many human beings‚Ä¶ https://t.co/V04bdf3OwT,-0.8625,0.0,0.625,0.375,54
354,@Fox,Thu May 07 09:46:52 +0000 2020,@jongold tips from long-time bagel maker: don‚Äôt use baking soda. barley malt syrup changes nothing. bagels need 5 i‚Ä¶ https://t.co/mViNXWgrhv,0.0,0.0,1.0,0.0,55
355,@Fox,Thu May 07 02:36:12 +0000 2020,"@TheCodePixi that‚Äôs much more convenient! ios hasn‚Äôt gotten to that yet, lol",0.4753,0.219,0.781,0.0,56
356,@Fox,Thu May 07 02:34:19 +0000 2020,"@TheCodePixi haha, all good! I use https://t.co/M5g71J0FVV üëçüèª",0.7345,0.382,0.618,0.0,57
357,@Fox,Thu May 07 02:29:06 +0000 2020,"posting self-recorded GIFs is a long-term strategy I used to build team connection with remote co-workers. now, I‚Äôm‚Ä¶ https://t.co/zNJrbQ8AXE",0.0,0.0,1.0,0.0,58
358,@Fox,Wed May 06 04:52:38 +0000 2020,@anildash same! I definitely evolved the rules as the time passed. but definitely it has prompted thinking and bein‚Ä¶ https://t.co/1lpK315ZAe,0.69,0.24,0.76,0.0,59
359,@Fox,Wed May 06 04:46:33 +0000 2020,@anildash they are always the same,0.0,0.0,1.0,0.0,60
360,@Fox,Wed May 06 04:43:13 +0000 2020,"also, to clarify: I RT all underrepresented groups, including PoC and LGBTQIA+. gender ain‚Äôt binary, nor it‚Äôs the p‚Ä¶ https://t.co/y1ZyLdYPU3",0.0,0.0,1.0,0.0,61
361,@Fox,Wed May 06 04:38:43 +0000 2020,here to block all whataboutists and offended white men who will emerge in this thread,-0.5994,0.0,0.726,0.274,62
362,@Fox,Wed May 06 04:37:24 +0000 2020,"@theshawwn thanks but I had enough of white men wisdom in my time, which this is a prime example of üëãüèª",0.8968,0.33,0.67,0.0,63
363,@Fox,Wed May 06 04:35:19 +0000 2020,@Firesphere you can make your own rules. I include PoC and LGBTQIA+.,0.0,0.0,1.0,0.0,64
364,@Fox,Wed May 06 04:15:29 +0000 2020,"noticed someone pointing out that @anildash only retweets women. 

his statement got me to stop RTing men + focus o‚Ä¶ https://t.co/1h2LAxCgdA",-0.296,0.0,0.901,0.099,65
365,@Fox,Tue May 05 00:23:41 +0000 2020,@jongold I am genuinely excited by vegetables and teen kaz is screaming ‚Äùwhat is vegetable‚Äù. it‚Äôs a mood,-0.0516,0.114,0.762,0.124,66
366,@Fox,Mon May 04 10:07:18 +0000 2020,@KaiBrach Thank you so much! It really means a lot to me since it‚Äôs my first exercise on executing a brand with ful‚Ä¶ https://t.co/XuiBGEaBfz,0.4199,0.108,0.892,0.0,67
367,@Fox,Mon May 04 05:21:23 +0000 2020,"@jongold long live five elephant cheesecake, the best pie ‚ù§Ô∏è",0.6369,0.296,0.704,0.0,68
368,@Fox,Mon May 04 05:14:12 +0000 2020,@jongold these photos are so beautiful,0.7177,0.5,0.5,0.0,69
369,@Fox,Mon May 04 03:37:03 +0000 2020,While semantics might be useful for greater adoption of web performance it does not solve the inequity problem at a‚Ä¶ https://t.co/wljihtJAWm,0.2751,0.202,0.637,0.161,70
370,@Fox,Mon May 04 03:29:38 +0000 2020,"A more understandable name for #webperf can be helpful. 

But what we need is widespread understanding of its impor‚Ä¶ https://t.co/5PHzMdte35",0.2263,0.091,0.909,0.0,71
371,@Fox,Mon May 04 02:36:57 +0000 2020,@marekIsOkay üôåüèª,0.0,0.0,1.0,0.0,72
372,@Fox,Mon May 04 02:36:50 +0000 2020,@imtraptir thank you! ‚úäüèª,0.4199,0.285,0.715,0.0,73
373,@Fox,Mon May 04 02:36:44 +0000 2020,@jilljubs squee ‚ù§Ô∏è,0.0,0.0,1.0,0.0,74
374,@Fox,Mon May 04 02:36:37 +0000 2020,@stewartsc thank you! üôåüèª,0.4199,0.285,0.715,0.0,75
375,@Fox,Mon May 04 00:31:44 +0000 2020,@unRonic @Grammarly I think in general such services are pretty invasive but the caveat that they might store what‚Ä¶ https://t.co/WQYsnTeOMg,0.2732,0.1,0.9,0.0,76
376,@Fox,Mon May 04 00:24:35 +0000 2020,"I found @Grammarly really useful, but I can‚Äôt allow entertaining the thought they‚Äôre storing everything I write whe‚Ä¶ https://t.co/x5urt9QRA2",0.8072,0.341,0.659,0.0,77
377,@Fox,Sun May 03 10:05:28 +0000 2020,"‚ÄúA white identity is a trust fund, and its currency is grievance that is stolen from others.‚Äù

‚ÄîNesrine Malik",-0.4588,0.129,0.625,0.246,78
378,@Fox,Sat May 02 06:58:00 +0000 2020,RT @NewYorker: Setting reasonable goals during a crisis. https://t.co/QIirBpnuJ7,-0.6249,0.0,0.661,0.339,79
379,@Fox,Sat May 02 06:29:35 +0000 2020,@jongold ü§§,0.0,0.0,1.0,0.0,80
380,@Fox,Sat May 02 03:55:56 +0000 2020,"First time in my tech career of 15 years I‚Äôm a shareholder (also, in a profitable company that has no debts to anyo‚Ä¶ https://t.co/VDOPxLNrva",0.1779,0.107,0.812,0.081,81
381,@Fox,Sat May 02 01:17:23 +0000 2020,@yesidanderfer thank you! ü§ó keeping it real at my house üôèüèª,0.68,0.285,0.715,0.0,82
382,@Fox,Fri May 01 23:46:31 +0000 2020,@MikeEsto thank you! üôáüèª‚Äç‚ôÄÔ∏è,0.4199,0.237,0.763,0.0,83
383,@Fox,Fri May 01 23:39:47 +0000 2020,"@KaiBrach yeah, I was also surprised. I normally don‚Äôt answer calls from No Caller ID. the only reason why I did wa‚Ä¶ https://t.co/QaQV0VbSoP",0.2263,0.156,0.76,0.084,84
384,@Fox,Fri May 01 23:25:56 +0000 2020,"It also included a free influenza and  rsv virus test, which I also don‚Äôt have. Thanks, Aussie healthcare! üòÇüôèüèª",0.8553,0.284,0.663,0.052,85
385,@Fox,Fri May 01 22:49:01 +0000 2020,"Tested negative for corona üôÉ (I knew that would be the case, but followed the rules nonetheless!). 

Got a call abo‚Ä¶ https://t.co/vYTQ8FpMpb",-0.3903,0.0,0.893,0.107,86
386,@Fox,Fri May 01 09:46:01 +0000 2020,"RT @calibreapp: We are proud to donate free performance monitoring to @COVID19Tracking.

The Covid Tracking Project is a volunteer organisa‚Ä¶",0.7506,0.262,0.738,0.0,87
387,@Fox,Thu Apr 30 23:11:33 +0000 2020,"@joelgascoigne seems like it‚Äôs a perfect strategy especially if there‚Äôs not much loss. 

we came to a conclusion th‚Ä¶ https://t.co/OltLD96T2P",0.7999,0.324,0.676,0.0,88
388,@Fox,Thu Apr 30 23:07:31 +0000 2020,"@joelgascoigne sounds like a good decision! frankly, I‚Äôm operating at 40-50% of my normal productivity and forcing‚Ä¶ https://t.co/kzCz2NcpIi",0.69,0.262,0.738,0.0,89
389,@Fox,Thu Apr 30 23:04:07 +0000 2020,@adamliaw sO mUcH tImE tO bE aNxIoUs aNd sTrEsSeD mIgHt pIcK uP a hObBy,-0.5267,0.0,0.732,0.268,90
390,@Fox,Thu Apr 30 22:58:31 +0000 2020,"@alicegoldfuss honestly, it does deserve a good punching. it‚Äôs a bit of an asshole",0.7096,0.33,0.67,0.0,91
391,@Fox,Thu Apr 30 22:56:26 +0000 2020,@alicegoldfuss My anxiety feels attacked lol,-0.2263,0.267,0.286,0.448,92
392,@Fox,Thu Apr 30 08:59:57 +0000 2020,@johnsyweb I had a hot toddy last week and it changed my life! ‚ú®,0.3802,0.166,0.834,0.0,93
393,@Fox,Thu Apr 30 08:59:05 +0000 2020,"@meelijane thanks, Milly! ‚ù§Ô∏è",0.4926,0.444,0.556,0.0,94
394,@Fox,Thu Apr 30 08:57:33 +0000 2020,@NatDudley oh yeah. A pap is horrible for me. So there you go! Sound advice from your doc. üôèüèª,-0.3802,0.082,0.778,0.14,95
395,@Fox,Thu Apr 30 08:42:39 +0000 2020,"@NatDudley yeah, that‚Äôs what I expected :( it‚Äôs really personal. welcome to the rona test club for me I guess?",0.3774,0.216,0.67,0.114,96
396,@Fox,Thu Apr 30 08:27:25 +0000 2020,"@edinbeth I mean, for me it wasn‚Äôt! Different people will have different experiences. I‚Äôm honestly really anxious a‚Ä¶ https://t.co/t76kU4eI6k",0.2498,0.146,0.753,0.102,97
397,@Fox,Thu Apr 30 08:04:34 +0000 2020,@janl ‚ù§Ô∏è,0.0,0.0,1.0,0.0,98
398,@Fox,Thu Apr 30 08:04:28 +0000 2020,"@dgoodlad nope nope noooooooppeeeeeee. being next to one was stressful enough. although, not a lot of people were wearing masks!",-0.5562,0.0,0.841,0.159,99
399,@Fox,Thu Apr 30 08:03:45 +0000 2020,"Overall, it felt like a very smooth, organised, and even more so, safe experience. I‚Äôd urge anyone with any symptom‚Ä¶ https://t.co/enyOUDEkJZ",0.6887,0.23,0.77,0.0,100
400,@NYTimes,Thu May 21 20:46:46 +0000 2020,"The two dams that failed in Michigan were rated ‚Äúhigh hazard,‚Äù meaning that a failure could lead to deaths. About 1‚Ä¶ https://t.co/TqOXXpiXNV",-0.765,0.0,0.752,0.248,1
401,@NYTimes,Thu May 21 20:40:08 +0000 2020,"""It‚Äôs a funny thing, Zooming with Spike Lee,"" writes @uugwuu. ""He‚Äôs remote, confined within a box within a box on y‚Ä¶ https://t.co/VTlnWiNbpM",0.4404,0.121,0.879,0.0,2
402,@NYTimes,Thu May 21 20:30:04 +0000 2020,"Volkswagen has pulled and apologized for a racist ad. An executive said the ‚Äúguilt of our company,‚Äù referring to it‚Ä¶ https://t.co/u1QbJcT1mi",-0.4019,0.091,0.751,0.158,3
403,@NYTimes,Thu May 21 20:16:02 +0000 2020,Read more about the racial divide in how the coronavirus has hit nursing homes here https://t.co/51f6yZPlDu,0.0,0.0,1.0,0.0,4
404,@NYTimes,Thu May 21 20:15:23 +0000 2020,"The coronavirus has been infecting and killing people of color at disproportionately high rates in the U.S., data h‚Ä¶ https://t.co/aLHWeW3opZ",-0.6597,0.0,0.812,0.188,5
405,@NYTimes,Thu May 21 20:13:45 +0000 2020,"In East Los Angeles, a worker at a nursing home where many residents are Latino said workers were not given masks u‚Ä¶ https://t.co/kiktNMWIUL",0.0,0.0,1.0,0.0,6
406,@NYTimes,Thu May 21 20:11:50 +0000 2020,"In Baltimore County, workers at one nursing home where many residents are black said they were given rain ponchos a‚Ä¶ https://t.co/MVOM5qXjBo",0.0,0.0,1.0,0.0,7
407,@NYTimes,Thu May 21 20:10:23 +0000 2020,"In the Chicago area, one man said he had to move his mother from a nursing home after she tested positive for the c‚Ä¶ https://t.co/YtxlBPnT8H",0.5574,0.13,0.87,0.0,8
408,@NYTimes,Thu May 21 20:07:32 +0000 2020,"The New York Times teamed up with @baltimoresun, @LAist and @thesouthern to interview dozens of current and former‚Ä¶ https://t.co/qsuUxD4AdJ",0.0,0.0,1.0,0.0,9
409,@NYTimes,Thu May 21 20:06:09 +0000 2020,"The racial disparity in nursing homes hit by the coronavirus existed no matter the size of the facility, its locati‚Ä¶ https://t.co/IAXAOB8Of0",-0.0191,0.0,0.949,0.051,10
410,@NYTimes,Thu May 21 20:03:50 +0000 2020,More than 60% of nursing homes where at least a quarter of the residents are black or Latino have reported at least‚Ä¶ https://t.co/dYGGBPyyEH,0.0,0.0,1.0,0.0,11
411,@NYTimes,Thu May 21 20:01:07 +0000 2020,Nursing homes with a significant number of black and Latino residents have been twice as likely to be hit by the co‚Ä¶ https://t.co/NmUgCqYyX3,0.2732,0.129,0.871,0.0,12
412,@NYTimes,Thu May 21 19:40:03 +0000 2020,"In Opinion

""The forecast from researchers is grim: Warm weather alone will not control the virus in America or abr‚Ä¶ https://t.co/2WAk6WdRVo",-0.5859,0.074,0.703,0.223,13
413,@NYTimes,Thu May 21 19:20:03 +0000 2020,"Two months into the coronavirus pandemic, nearly one in four New Yorkers is in need of food, Mayor Bill de Blasio s‚Ä¶ https://t.co/bUhSsREi7w",0.0,0.0,1.0,0.0,14
414,@NYTimes,Thu May 21 19:00:08 +0000 2020,"The average number of daily new coronavirus cases worldwide over the past week ‚Äî more than 91,000 ‚Äî is higher than‚Ä¶ https://t.co/HTWE56w0NN",0.0772,0.058,0.942,0.0,15
415,@NYTimes,Thu May 21 18:50:06 +0000 2020,"RT @jeannasmialek: Coronavirus ""poses the most serious threat to maximum employment and, potentially, to price stability that the United St‚Ä¶",-0.3551,0.112,0.678,0.21,16
416,@NYTimes,Thu May 21 18:40:03 +0000 2020,The scientist and former pharmaceutical executive leading President Trump‚Äôs efforts to develop a coronavirus vaccin‚Ä¶ https://t.co/5buQ6vyhen,0.0,0.0,1.0,0.0,17
417,@NYTimes,Thu May 21 18:22:04 +0000 2020,"Breaking News: Facebook will allow many of its employees to permanently work from home, after the coronavirus spurr‚Ä¶ https://t.co/mi5mPfQNK5",0.2263,0.095,0.905,0.0,18
418,@NYTimes,Thu May 21 18:20:02 +0000 2020,"Across the U.S., nearly 64,000 more people died than usual between March 15 and April 25, according to a New York T‚Ä¶ https://t.co/0lS4T0HbEU",-0.5965,0.0,0.85,0.15,19
419,@NYTimes,Thu May 21 18:17:04 +0000 2020,"In Opinion

Former national security adviser and U.S. ambassador to the UN @AmbassadorRice is live now, discussing‚Ä¶ https://t.co/9qXq2vwgOp",0.34,0.124,0.876,0.0,20
420,@NYTimes,Thu May 21 18:00:11 +0000 2020,There's generally less risk of spreading the coronavirus outdoors than indoors. But no activity is risk-free. Here‚Ä¶ https://t.co/tF8gx9pAuK,-0.4945,0.0,0.792,0.208,21
421,@NYTimes,Thu May 21 17:57:58 +0000 2020,"‚ÄúI hate to say it, but this is going to take longer and look grimmer than we thought,"" said one economist. https://t.co/zEeb2o5iGE",-0.6808,0.0,0.781,0.219,22
422,@NYTimes,Thu May 21 17:50:00 +0000 2020,"RT @TaylorLorenz: 1st there was the Hype House. Now, there's:

The Sway House
The Clubhouse
The Drip Crib
The Valley House
The Kids Next Do‚Ä¶",0.0,0.0,1.0,0.0,23
423,@NYTimes,Thu May 21 17:40:06 +0000 2020,Bureaucratic hurdles are making it difficult for U.S. hospitals to switch to new labs with more capacity to process‚Ä¶ https://t.co/qwYQ3GmE8W,-0.3612,0.0,0.884,0.116,24
424,@NYTimes,Thu May 21 17:19:07 +0000 2020,"The modeling shows that as states reopen, outbreaks can easily get out of control unless infections are closely mon‚Ä¶ https://t.co/2YlB0qKYpO",0.34,0.112,0.888,0.0,25
425,@NYTimes,Thu May 21 17:18:08 +0000 2020,"These are only estimates. It's impossible to know for certain the exact number of people who would have died.

But‚Ä¶ https://t.co/m2S27nFWhJ",-0.296,0.136,0.72,0.144,26
426,@NYTimes,Thu May 21 17:17:15 +0000 2020,"The change is even more dramatic if social distancing had started 2 weeks earlier.

Under this scenario, nearly 54,‚Ä¶ https://t.co/cP2cfxOqH2",0.0,0.0,1.0,0.0,27
427,@NYTimes,Thu May 21 17:16:14 +0000 2020,"If the same level of social distancing ‚Äî like closing schools, staying home and avoiding restaurants and crowds ‚Äî h‚Ä¶ https://t.co/KoxyeyjX7S",0.0258,0.105,0.795,0.1,28
428,@NYTimes,Thu May 21 17:15:02 +0000 2020,Most social-distancing guidelines in the U.S. were not put in place until mid-March. This map shows how many people‚Ä¶ https://t.co/co75IUu1aj,0.0,0.0,1.0,0.0,29
429,@NYTimes,Thu May 21 17:10:07 +0000 2020,Starting social distancing across the U.S. just a week earlier in March could have saved tens of thousands of lives‚Ä¶ https://t.co/DPmge2JSBT,0.4215,0.123,0.877,0.0,30
430,@NYTimes,Thu May 21 17:05:20 +0000 2020,RT @NYTimesWordplay: It's Thursday! @iliza joins @debamlen and @thegridkid as they crush Andrew Kingsley's tricky puzzle. Click the video t‚Ä¶,-0.3595,0.0,0.838,0.162,31
431,@NYTimes,Thu May 21 16:54:07 +0000 2020,A divided U.S. Senate voted to approve John Ratcliffe as the next director of the nation‚Äôs spy agencies. The Texas‚Ä¶ https://t.co/O4sUBPcGJx,0.0,0.0,1.0,0.0,32
432,@NYTimes,Thu May 21 16:50:02 +0000 2020,"RT @jacknicas: New York and other states tapped the entrepreneur and reality TV star @Bethenny Frankel to find them millions of masks. 

Sh‚Ä¶",0.0,0.0,1.0,0.0,33
433,@NYTimes,Thu May 21 16:40:06 +0000 2020,"Looking for something to read this summer? Here are 57 suggestions from @nytimesbooks to entertain you, offer escap‚Ä¶ https://t.co/kv53ZGEIU9",0.3182,0.113,0.887,0.0,34
434,@NYTimes,Thu May 21 16:30:08 +0000 2020,"President Trump, who has mounted a yearslong attack on U.S. intelligence agencies, often veers off topic when being‚Ä¶ https://t.co/J2CJSRZ1LN",0.0,0.134,0.733,0.134,35
435,@NYTimes,Thu May 21 16:10:03 +0000 2020,RT @MitchKSmith: Nursing homes with more black and Latino residents have been far likelier to get hit with the coronavirus than those that‚Ä¶,0.0,0.0,1.0,0.0,36
436,@NYTimes,Thu May 21 15:50:05 +0000 2020,"A gunman opened fire at a recently reopened shopping mall near Phoenix on Wednesday night, injuring 3 people and le‚Ä¶ https://t.co/xYs8owhj0d",-0.34,0.0,0.893,0.107,37
437,@NYTimes,Thu May 21 15:45:08 +0000 2020,RT @caityweaver: üò©Why am I like this https://t.co/rCwEZmkJBE,0.1027,0.216,0.603,0.181,38
438,@NYTimes,Thu May 21 15:40:08 +0000 2020,"‚ÄúConey Island is the melting pot of humanity, but are people going to want that?‚Äù

This summer was supposed to be b‚Ä¶ https://t.co/t53WqZYwH3",0.1154,0.062,0.938,0.0,39
439,@NYTimes,Thu May 21 15:30:02 +0000 2020,RT @PatcohenNYT: Million-person mistake on pandemic uninsurance numbers in Massachusetts cause by data entry mistake  --  actual numbers is‚Ä¶,-0.5859,0.0,0.78,0.22,40
440,@NYTimes,Thu May 21 15:20:02 +0000 2020,"‚ÄúNo one‚Äôs out here wanting to violate federal law,‚Äù said one thru-hiker who stayed on the Appalachian Trail, despit‚Ä¶ https://t.co/5BF01LRvIj",-0.4939,0.0,0.856,0.144,41
441,@NYTimes,Thu May 21 15:10:05 +0000 2020,Here‚Äôs what to know about California's plan to ease restrictions during the coronavirus pandemic https://t.co/Vk0yWi9Wxc,0.3612,0.152,0.848,0.0,42
442,@NYTimes,Thu May 21 15:00:22 +0000 2020,Jo Rae Perkins won her primary campaign in Oregon as the QAnon conspiracy theory has continued to gain momentum in‚Ä¶ https://t.co/3omfTBQkUG,0.5719,0.249,0.632,0.119,43
443,@NYTimes,Thu May 21 14:40:09 +0000 2020,You may need to worry about something other than coronavirus making you sick in your office whenever you finally re‚Ä¶ https://t.co/D7XA67s825,-0.7351,0.0,0.754,0.246,44
444,@NYTimes,Thu May 21 14:31:11 +0000 2020,"RT @nytimesbooks: Looking for something to read this summer? We're here to help, with 57 new books that will entertain you and stretch your‚Ä¶",0.6124,0.185,0.815,0.0,45
445,@NYTimes,Thu May 21 14:20:04 +0000 2020,"""Istanbul‚Äôs curfew could never be a total shutdown. Its residents have lived through multiple military coups, siege‚Ä¶ https://t.co/u6tTobefeC",0.0,0.0,1.0,0.0,46
446,@NYTimes,Thu May 21 14:11:07 +0000 2020,"Breaking News: China is pushing for sweeping new laws that would tighten its grip over Hong Kong, a move that could‚Ä¶ https://t.co/RDMqzM5v4A",0.0,0.0,1.0,0.0,47
447,@NYTimes,Thu May 21 14:00:09 +0000 2020,"Cheryl Strayed talks to Joy Harjo, the U.S. poet laureate, about releasing fear and listening to your spiritual cou‚Ä¶ https://t.co/RxRWomvQ7S",0.1531,0.152,0.72,0.128,48
448,@NYTimes,Thu May 21 13:59:47 +0000 2020,"Breaking News: President Trump plans to withdraw from a third major arms control accord, the latest indication that‚Ä¶ https://t.co/R5E1L9BBVc",0.0,0.0,1.0,0.0,49
449,@NYTimes,Thu May 21 13:51:55 +0000 2020,"A gunman was stopped at a gate of the Naval Air Station Corpus Christi in Texas, officials said. A member of the ba‚Ä¶ https://t.co/SeQiUVz8gz",-0.2263,0.0,0.924,0.076,50
450,@NYTimes,Thu May 21 13:40:04 +0000 2020,The British government‚Äôs easing of coronavirus lockdown restrictions coincided with the hottest week of the year. C‚Ä¶ https://t.co/IBka1xB49N,0.25,0.105,0.895,0.0,51
451,@NYTimes,Thu May 21 13:38:16 +0000 2020,Breaking News: The actress Lori Loughlin and the designer Mossimo Giannulli agreed to plead guilty and serve prison‚Ä¶ https://t.co/LzxQAQy2LE,-0.1779,0.096,0.776,0.128,52
452,@NYTimes,Thu May 21 13:20:04 +0000 2020,A British-Iranian woman who was granted temporary release from prison in Iran in March amid the pandemic has had he‚Ä¶ https://t.co/ZCPqEvUYhb,-0.3182,0.082,0.782,0.136,53
453,@NYTimes,Thu May 21 13:12:10 +0000 2020,"RT @katie_thomas: Even as public officials have clamored for more tests, many labs are still not running at full capacity, the result of ou‚Ä¶",0.0,0.0,1.0,0.0,54
454,@NYTimes,Thu May 21 13:00:17 +0000 2020,"Paterson, a low-income New Jersey city of 150,000, has been a pioneer in creating a contact-tracing program to curb‚Ä¶ https://t.co/l4J8Wlpfb6",0.296,0.104,0.896,0.0,55
455,@NYTimes,Thu May 21 12:45:50 +0000 2020,"RT @amyfiscus: To brief Trump is to brief a performer who is always on. 
To correct him is to be ignored. 
To bring up Russian interference‚Ä¶",-0.3182,0.0,0.916,0.084,56
456,@NYTimes,Thu May 21 12:40:04 +0000 2020,How the case of one 14-year-old could help doctors understand a frightening new illness linked to the coronavirus.‚Ä¶ https://t.co/Rcu9EJMZH4,-0.4939,0.11,0.65,0.24,57
457,@NYTimes,Thu May 21 12:36:23 +0000 2020,"Breaking News: 2.4 million U.S. workers filed jobless claims last week even as curbs on businesses began lifting, b‚Ä¶ https://t.co/nEf0Qo0f23",0.0,0.0,1.0,0.0,58
458,@NYTimes,Thu May 21 12:32:42 +0000 2020,"RT @PamelaPaulNYT: Escape into the pages of a good book this summer. We‚Äôve rounded up the best thrillers, true crime, historical fiction, b‚Ä¶",0.802,0.383,0.512,0.105,59
459,@NYTimes,Thu May 21 12:20:09 +0000 2020,Beaches in New Jersey and Connecticut and on Long Island are preparing to partially and warily reopen for Memorial‚Ä¶ https://t.co/3egWhl2K8b,0.0,0.0,1.0,0.0,60
460,@NYTimes,Thu May 21 12:13:50 +0000 2020,"Breaking News: Cyclone Amphan killed more than 80 people as it slammed into India and Bangladesh, officials said https://t.co/kZzeSKKSpZ",-0.6705,0.0,0.8,0.2,61
461,@NYTimes,Thu May 21 12:06:16 +0000 2020,"For today, May 21, here‚Äôs how to follow the latest on the coronavirus outbreak. 

üåé Live updates from around the wo‚Ä¶ https://t.co/dXWyxsLTFR",0.0,0.0,1.0,0.0,62
462,@NYTimes,Thu May 21 12:00:06 +0000 2020,An NFL player said he was sexually assaulted by a female passenger on a redeye flight in February. The player said‚Ä¶ https://t.co/gOR4jqWKjE,-0.5267,0.0,0.861,0.139,63
463,@NYTimes,Thu May 21 11:40:03 +0000 2020,President Trump has insisted that the Republican convention is moving ahead for August despite the coronavirus. But‚Ä¶ https://t.co/9NJVgSEkMj,0.0,0.0,1.0,0.0,64
464,@NYTimes,Thu May 21 11:25:02 +0000 2020,"In Opinion

If you care about the working poor, about racial justice, and about climate change, you have to stop ea‚Ä¶ https://t.co/mNTyE3aK4L",0.3182,0.221,0.602,0.177,65
465,@NYTimes,Thu May 21 11:16:11 +0000 2020,"RT @nytimesbooks: It's here! 57 of the latest thrillers, romance novels, cookbooks and more. We promise they'll entertain you, offer escape‚Ä¶",0.8347,0.367,0.633,0.0,66
466,@NYTimes,Thu May 21 11:12:30 +0000 2020,"Cyclone Amphan tore through eastern India and Bangladesh, killing at least 22 people. But a combination of an impre‚Ä¶ https://t.co/BjORdS3Pj8",-0.4019,0.0,0.876,0.124,67
467,@NYTimes,Thu May 21 10:40:07 +0000 2020,Here's a rundown of the highlights worth watching from late-night TV https://t.co/2Cjtr7a5NC,0.2263,0.147,0.853,0.0,68
468,@NYTimes,Thu May 21 10:20:04 +0000 2020,"""Nancy Pelosi, master of the statement coat, canny strategist of the suffragist pantsuit, has also become the leade‚Ä¶ https://t.co/PuRMATdi2E",0.0,0.0,1.0,0.0,69
469,@NYTimes,Thu May 21 10:00:08 +0000 2020,"The former pro wrestler Shad Gaspard, 39, was caught in a rip current with his 10-year-old son on Sunday. His last‚Ä¶ https://t.co/JEfJi9e9NI",0.0,0.0,1.0,0.0,70
470,@NYTimes,Thu May 21 09:40:03 +0000 2020,"China is holding is biggest event of the political season, the National People's Congress. Expect more pomp and pro‚Ä¶ https://t.co/sEfeGKrQ10",0.0,0.0,1.0,0.0,71
471,@NYTimes,Thu May 21 09:30:06 +0000 2020,"A prototype vaccine has protected monkeys from the coronavirus, researchers reported on Wednesday, a finding that o‚Ä¶ https://t.co/pDdv6goX6n",0.4404,0.146,0.854,0.0,72
472,@NYTimes,Thu May 21 09:20:03 +0000 2020,"Now that quarantine is just how we will live for the foreseeable future, how do you disconnect? The Zoom fatigue ha‚Ä¶ https://t.co/CC0xvDwLGb",-0.25,0.0,0.913,0.087,73
473,@NYTimes,Thu May 21 09:00:09 +0000 2020,"RT @jotted: We've seen this movie: It's pitched as a sure bet. Investors learn it's not. They lose their shirts &amp; complain, the police clam‚Ä¶",0.2635,0.157,0.757,0.086,74
474,@NYTimes,Thu May 21 08:40:02 +0000 2020,Coronavirus infections have dropped sharply in Paris following a strict 2-month lockdown and a growing contact trac‚Ä¶ https://t.co/YKWTHBIo9t,0.1779,0.091,0.909,0.0,75
475,@NYTimes,Thu May 21 08:20:04 +0000 2020,"Compared with the well-understood dangers of ultraviolet light (skin aging and cancer), science isn‚Äôt settled on th‚Ä¶ https://t.co/D86sbHIFtj",-0.8225,0.0,0.678,0.322,76
476,@NYTimes,Thu May 21 08:00:07 +0000 2020,Commercial mills produce nearly 4 million tons of flour each year in Britain. With much of the country stuck at hom‚Ä¶ https://t.co/8L8rX52raN,-0.25,0.0,0.913,0.087,77
477,@NYTimes,Thu May 21 07:40:03 +0000 2020,"After new coronavirus outbreaks in the northeast, Chinese officials have sequestered hundreds of thousands of peopl‚Ä¶ https://t.co/fyEVHoOypS",0.0,0.0,1.0,0.0,78
478,@NYTimes,Thu May 21 07:20:06 +0000 2020,Here are 4 techniques that scientists are using to try to develop a coronavirus vaccine https://t.co/OiFiJ3tWTp,0.0,0.0,1.0,0.0,79
479,@NYTimes,Thu May 21 07:00:06 +0000 2020,Europe morning briefing: Here's what you need to know to start your day https://t.co/g0MFoLczAW,0.0,0.0,1.0,0.0,80
480,@NYTimes,Thu May 21 06:50:03 +0000 2020,"RT @nytimesworld: Nazanin Zaghari-Ratcliffe, who was granted temporary release from prison in Iran in March amid the coronavirus pandemic,‚Ä¶",-0.3182,0.09,0.762,0.148,81
481,@NYTimes,Thu May 21 06:40:04 +0000 2020,"‚ÄúWhen will this end? And if it ever does, will I be OK?!‚Äù It‚Äôs normal to feel a sense of hopelessness and lonelines‚Ä¶ https://t.co/mkExyuoiWc",-0.6958,0.0,0.829,0.171,82
482,@NYTimes,Thu May 21 06:20:03 +0000 2020,"China‚Äôs leader, Xi Jinping, whose youth was full of adversity, is trying to make the case that China and the Commun‚Ä¶ https://t.co/2u2Yw3Rd4U",-0.4215,0.0,0.882,0.118,83
483,@NYTimes,Thu May 21 06:00:10 +0000 2020,The pandemic seemed to pass over Singapore. Then the government was blindsided by an outbreak among poor migrant wo‚Ä¶ https://t.co/WsCDlg5lPl,-0.4767,0.0,0.86,0.14,84
484,@NYTimes,Thu May 21 05:40:05 +0000 2020,A New Zealand woman has received a rare exemption to strict travel bans in order to visit her dying sister in Austr‚Ä¶ https://t.co/tfM8W4Zabm,0.0,0.0,1.0,0.0,85
485,@NYTimes,Thu May 21 05:30:07 +0000 2020,"RT @nytopinion: ""Polio‚Äôs full story should make us wary of promises that we will soon have the coronavirus under control with a vaccine,"" w‚Ä¶",0.3818,0.102,0.898,0.0,86
486,@NYTimes,Thu May 21 05:20:01 +0000 2020,The coronavirus pandemic has produced a somber Thursday ritual: the tally of unemployment claims across the United‚Ä¶ https://t.co/8De5KIzXAe,-0.6908,0.0,0.737,0.263,87
487,@NYTimes,Thu May 21 05:00:01 +0000 2020,An NFL player is suing United Airlines after saying he was sexually assaulted by a female passenger on a redeye fli‚Ä¶ https://t.co/WUtRUqwZXR,-0.4019,0.103,0.696,0.201,88
488,@NYTimes,Thu May 21 04:40:02 +0000 2020,The 2 dams that failed in Michigan on Tuesday are among at least 170 dams in the state that are classified as havin‚Ä¶ https://t.co/asAEU33C3U,-0.5106,0.0,0.875,0.125,89
489,@NYTimes,Thu May 21 04:30:04 +0000 2020,"RT @MujMash: ""The combination of an impressive evacuation effort and the storm weakening as it swirled onto land seems to have spared many‚Ä¶",0.25,0.124,0.789,0.086,90
490,@NYTimes,Thu May 21 04:20:36 +0000 2020,Read updates in Chinese:¬†Êñ∞ÂÜ†ÁóÖÊØíÁñ´ÊÉÖÊúÄÊñ∞Ê∂àÊÅØ¬†https://t.co/lKJwwba3If,0.0,0.0,1.0,0.0,91
491,@NYTimes,Thu May 21 04:20:07 +0000 2020,"‚ÄîLockdown, then evacuation: The pandemic and natural disasters are dealing a one-two punch
‚ÄîMexico has acknowledged‚Ä¶ https://t.co/DCs6TuT5rk",-0.2732,0.118,0.711,0.171,92
492,@NYTimes,Thu May 21 04:00:09 +0000 2020,Countries around the world are taking different approaches as they give guidelines on reopening ‚Äî from work to play https://t.co/IvV58hMUL9,0.34,0.112,0.888,0.0,93
493,@NYTimes,Thu May 21 03:40:06 +0000 2020,Joe Biden blasted the Republican response to President Trump‚Äôs firings of a string of inspectors general in recent‚Ä¶ https://t.co/b0c2vj2L6B,0.0,0.0,1.0,0.0,94
494,@NYTimes,Thu May 21 03:20:03 +0000 2020,"Federal regulators warned for years that a dam in Michigan could rupture. On Tuesday, the dam gave way, sending a t‚Ä¶ https://t.co/yeOnrJ0E8g",-0.2732,0.0,0.909,0.091,95
495,@NYTimes,Thu May 21 03:10:02 +0000 2020,"RT @sona: Santa Barbara, San Luis Obispo, Ventura and Kings are among the 36 CA counties that can now move forward with next phase of reope‚Ä¶",0.0,0.0,1.0,0.0,96
496,@NYTimes,Thu May 21 03:00:07 +0000 2020,President Trump on Wednesday made false claims about voter fraud https://t.co/xm8qXwp4Ki,-0.5859,0.0,0.725,0.275,97
497,@NYTimes,Thu May 21 02:40:05 +0000 2020,"Alternate-side parking rules in New York City are inevitable ‚Äî pandemic or not
https://t.co/45Ab2dH7ro",0.0,0.0,1.0,0.0,98
498,@NYTimes,Thu May 21 02:20:04 +0000 2020,"RT @smervosh: All 50 states are reopening to varying degrees, some far more than others. The consequences may only be seen in the coming we‚Ä¶",0.0,0.0,1.0,0.0,99
499,@NYTimes,Thu May 21 02:05:03 +0000 2020,"Michael Cohen will be released from a federal prison on Thursday on furlough, a Bureau of Prisons spokeswoman said.‚Ä¶ https://t.co/SxvXFqgbeb",-0.5106,0.0,0.852,0.148,100
